iteration,winner
1,BRA
2,ESP
3,URU
4,BRA
5,BRA
6,RUS
7,ARG
8,GER
9,TUN
10,CRO
11,BRA
12,ENG
13,ARG
14,SUI
15,MEX
16,NGA
17,FRA
18,POR
19,GER
20,NGA
21,ARG
22,URU
23,SRB
24,MEX
25,EGY
26,SRB
27,GER
28,POR
29,POR
30,GER
31,SUI
32,SUI
33,SRB
34,TUN
35,FRA
36,GER
37,SWE
38,CRO
39,ESP
40,RUS
41,BRA
42,CRO
43,SUI
44,SWE
45,FRA
46,GER
47,ESP
48,SUI
49,GER
50,SUI
51,BRA
52,RUS
53,ENG
54,BRA
55,POR
56,POL
57,GER
58,ENG
59,SWE
60,NGA
61,BEL
62,BEL
63,ENG
64,GER
65,ESP
66,RUS
67,POR
68,COL
69,CRC
70,ARG
71,ESP
72,BRA
73,BRA
74,BRA
75,POR
76,ENG
77,ENG
78,MEX
79,FRA
80,ESP
81,IRN
82,CRO
83,BEL
84,POR
85,SUI
86,ESP
87,DEN
88,JPN
89,ESP
90,SRB
91,ARG
92,BRA
93,BRA
94,ENG
95,ENG
96,BEL
97,GER
98,ESP
99,RUS
100,ISL
101,POR
102,POR
103,GER
104,POR
105,RUS
106,ESP
107,ENG
108,RUS
109,POR
110,GER
111,ENG
112,BRA
113,MEX
114,SWE
115,SUI
116,ENG
117,CRC
118,BRA
119,BEL
120,CRC
121,GER
122,POR
123,BRA
124,ENG
125,CRC
126,MEX
127,SWE
128,POR
129,GER
130,POR
131,ESP
132,POR
133,NGA
134,ESP
135,BRA
136,ENG
137,POR
138,POR
139,JPN
140,SUI
141,GER
142,GER
143,DEN
144,GER
145,BEL
146,BRA
147,GER
148,SUI
149,DEN
150,ENG
151,RUS
152,SRB
153,FRA
154,DEN
155,BRA
156,FRA
157,GER
158,GER
159,BEL
160,FRA
161,POR
162,GER
163,BRA
164,BRA
165,POR
166,SUI
167,SUI
168,ENG
169,SUI
170,POR
171,ENG
172,POR
173,GER
174,SWE
175,POR
176,ESP
177,FRA
178,ESP
179,POR
180,POR
181,FRA
182,POR
183,POL
184,POR
185,ARG
186,POR
187,ESP
188,POR
189,SUI
190,ARG
191,POR
192,URU
193,GER
194,GER
195,GER
196,BRA
197,CRO
198,ENG
199,NGA
200,SWE
201,GER
202,SWE
203,GER
204,SRB
205,FRA
206,GER
207,POR
208,CRO
209,GER
210,POR
211,SRB
212,GER
213,GER
214,GER
215,SUI
216,GER
217,SUI
218,BRA
219,SEN
220,KOR
221,FRA
222,MEX
223,ENG
224,POR
225,POR
226,ENG
227,SWE
228,ESP
229,URU
230,SUI
231,ESP
232,FRA
233,GER
234,BRA
235,RUS
236,ARG
237,GER
238,BRA
239,GER
240,BRA
241,GER
242,GER
243,ESP
244,ENG
245,ESP
246,GER
247,ARG
248,POR
249,GER
250,ESP
251,ESP
252,ESP
253,BRA
254,SUI
255,CRO
256,SUI
257,SWE
258,RUS
259,JPN
260,BEL
261,POR
262,FRA
263,SUI
264,SUI
265,ESP
266,MEX
267,FRA
268,DEN
269,ESP
270,GER
271,FRA
272,RUS
273,BRA
274,COL
275,POR
276,SUI
277,POR
278,RUS
279,SWE
280,ARG
281,BRA
282,URU
283,JPN
284,COL
285,POR
286,FRA
287,ESP
288,POR
289,ESP
290,POR
291,POR
292,POR
293,COL
294,BRA
295,DEN
296,POR
297,BRA
298,ARG
299,SUI
300,ENG
301,SUI
302,BEL
303,POR
304,DEN
305,GER
306,ENG
307,MEX
308,SRB
309,SUI
310,BRA
311,FRA
312,ESP
313,SRB
314,POR
315,DEN
316,GER
317,POR
318,GER
319,SUI
320,DEN
321,ARG
322,GER
323,NGA
324,ENG
325,POR
326,FRA
327,GER
328,FRA
329,RUS
330,POR
331,BRA
332,GER
333,BRA
334,BRA
335,GER
336,ESP
337,DEN
338,JPN
339,RUS
340,ESP
341,GER
342,COL
343,ENG
344,RUS
345,SRB
346,SUI
347,POR
348,GER
349,ESP
350,BRA
351,GER
352,SUI
353,ESP
354,FRA
355,CRO
356,GER
357,EGY
358,POR
359,POR
360,POR
361,ARG
362,DEN
363,GER
364,GER
365,ARG
366,POR
367,ENG
368,POR
369,GER
370,SUI
371,SUI
372,URU
373,ARG
374,GER
375,COL
376,FRA
377,RUS
378,SUI
379,BRA
380,IRN
381,CRO
382,BRA
383,POR
384,SUI
385,ENG
386,BRA
387,RUS
388,POR
389,BRA
390,BRA
391,POR
392,GER
393,GER
394,POR
395,BRA
396,BEL
397,DEN
398,ARG
399,ESP
400,SRB
401,BRA
402,SWE
403,RUS
404,POR
405,SWE
406,SRB
407,POR
408,GER
409,BRA
410,ESP
411,GER
412,BRA
413,POR
414,FRA
415,SUI
416,POR
417,SUI
418,ESP
419,FRA
420,GER
421,GER
422,ENG
423,GER
424,GER
425,SWE
426,FRA
427,CRO
428,ESP
429,SUI
430,POR
431,SUI
432,GER
433,DEN
434,RUS
435,FRA
436,URU
437,SUI
438,ENG
439,PER
440,BRA
441,GER
442,POL
443,ESP
444,SUI
445,BEL
446,FRA
447,FRA
448,RUS
449,GER
450,ESP
451,NGA
452,NGA
453,ENG
454,GER
455,BEL
456,SUI
457,BEL
458,COL
459,BRA
460,BEL
461,GER
462,BEL
463,ENG
464,BEL
465,POR
466,RUS
467,CRO
468,ENG
469,NGA
470,ARG
471,RUS
472,URU
473,CRO
474,GER
475,POR
476,SUI
477,SUI
478,ENG
479,SUI
480,POR
481,NGA
482,FRA
483,GER
484,ESP
485,POR
486,DEN
487,ESP
488,FRA
489,ARG
490,COL
491,BRA
492,URU
493,KOR
494,GER
495,DEN
496,CRC
497,SRB
498,POR
499,MEX
500,GER
501,POR
502,GER
503,POR
504,GER
505,BRA
506,AUS
507,SUI
508,ESP
509,GER
510,POR
511,BEL
512,POR
513,ARG
514,POL
515,ESP
516,SUI
517,GER
518,IRN
519,ESP
520,IRN
521,POL
522,GER
523,POR
524,FRA
525,BRA
526,NGA
527,GER
528,ESP
529,RUS
530,GER
531,IRN
532,BEL
533,URU
534,ARG
535,POR
536,MEX
537,POR
538,GER
539,POR
540,GER
541,ESP
542,POR
543,RUS
544,ESP
545,GER
546,DEN
547,CRC
548,PER
549,ESP
550,FRA
551,POR
552,GER
553,BRA
554,MEX
555,RUS
556,KOR
557,NGA
558,ESP
559,ESP
560,GER
561,COL
562,SUI
563,POR
564,KSA
565,ARG
566,FRA
567,BRA
568,FRA
569,RUS
570,ENG
571,BRA
572,POR
573,DEN
574,CRO
575,POR
576,RUS
577,GER
578,ENG
579,POR
580,ESP
581,MEX
582,ARG
583,FRA
584,ENG
585,POR
586,FRA
587,RUS
588,SUI
589,GER
590,GER
591,GER
592,GER
593,ESP
594,AUS
595,CRO
596,RUS
597,POR
598,BEL
599,ENG
600,MEX
601,GER
602,ENG
603,BEL
604,FRA
605,URU
606,GER
607,POR
608,BRA
609,CRO
610,GER
611,POR
612,GER
613,DEN
614,BRA
615,POR
616,BEL
617,POR
618,GER
619,FRA
620,CRC
621,BRA
622,COL
623,JPN
624,ENG
625,GER
626,ESP
627,CRC
628,SUI
629,BRA
630,ENG
631,POR
632,POR
633,CRO
634,GER
635,BRA
636,FRA
637,SUI
638,GER
639,POR
640,URU
641,GER
642,POL
643,ENG
644,DEN
645,DEN
646,GER
647,ARG
648,SUI
649,BEL
650,POR
651,BRA
652,BEL
653,FRA
654,FRA
655,POR
656,POL
657,SUI
658,SWE
659,CRO
660,BRA
661,ARG
662,DEN
663,POR
664,CRO
665,BEL
666,POR
667,FRA
668,SWE
669,BRA
670,ESP
671,RUS
672,POR
673,CRO
674,GER
675,ESP
676,BRA
677,ARG
678,MEX
679,GER
680,BEL
681,POR
682,SUI
683,URU
684,BEL
685,BRA
686,COL
687,GER
688,POR
689,GER
690,BRA
691,GER
692,DEN
693,SWE
694,ARG
695,ENG
696,SUI
697,ENG
698,NGA
699,MEX
700,GER
701,GER
702,FRA
703,FRA
704,GER
705,BEL
706,BEL
707,SUI
708,POR
709,SRB
710,BRA
711,CRO
712,ESP
713,ESP
714,POR
715,POR
716,SUI
717,ARG
718,GER
719,NGA
720,GER
721,NGA
722,ESP
723,GER
724,FRA
725,JPN
726,GER
727,SWE
728,ENG
729,FRA
730,GER
731,GER
732,GER
733,BRA
734,ESP
735,ENG
736,BRA
737,RUS
738,RUS
739,ENG
740,POR
741,GER
742,POR
743,ESP
744,GER
745,POR
746,TUN
747,ENG
748,SUI
749,GER
750,SUI
751,URU
752,BRA
753,POR
754,GER
755,POR
756,RUS
757,SRB
758,GER
759,POR
760,RUS
761,FRA
762,POR
763,SRB
764,GER
765,BRA
766,KSA
767,MEX
768,GER
769,GER
770,POR
771,POR
772,SUI
773,MEX
774,URU
775,ENG
776,SUI
777,FRA
778,FRA
779,SUI
780,FRA
781,CRO
782,DEN
783,GER
784,POR
785,ARG
786,ESP
787,ENG
788,BRA
789,POR
790,GER
791,TUN
792,NGA
793,TUN
794,CRO
795,GER
796,BRA
797,SWE
798,POR
799,POR
800,COL
801,SWE
802,ARG
803,POR
804,ENG
805,SRB
806,SWE
807,GER
808,BEL
809,BEL
810,DEN
811,NGA
812,SRB
813,SUI
814,POR
815,FRA
816,NGA
817,CRO
818,GER
819,GER
820,ESP
821,POR
822,GER
823,RUS
824,URU
825,MEX
826,POR
827,GER
828,FRA
829,BRA
830,POR
831,SRB
832,GER
833,ENG
834,DEN
835,BRA
836,SUI
837,ENG
838,POR
839,POR
840,BEL
841,POR
842,DEN
843,BRA
844,POR
845,MEX
846,ARG
847,ESP
848,ESP
849,FRA
850,SUI
851,FRA
852,GER
853,POR
854,SUI
855,ARG
856,FRA
857,BRA
858,KOR
859,POR
860,BRA
861,FRA
862,GER
863,BEL
864,JPN
865,SUI
866,RUS
867,RUS
868,COL
869,GER
870,ENG
871,POR
872,FRA
873,SUI
874,FRA
875,BRA
876,ARG
877,GER
878,ENG
879,DEN
880,BRA
881,ARG
882,ENG
883,BEL
884,ENG
885,GER
886,DEN
887,GER
888,KOR
889,ESP
890,FRA
891,COL
892,ARG
893,GER
894,BRA
895,SRB
896,DEN
897,POR
898,BRA
899,ENG
900,POR
901,BRA
902,ESP
903,ENG
904,FRA
905,SUI
906,JPN
907,POR
908,POR
909,POR
910,FRA
911,GER
912,POR
913,GER
914,ARG
915,GER
916,GER
917,GER
918,POR
919,RUS
920,GER
921,GER
922,SWE
923,SUI
924,RUS
925,POR
926,DEN
927,ESP
928,MEX
929,FRA
930,BRA
931,SRB
932,ESP
933,POR
934,SUI
935,RUS
936,BRA
937,IRN
938,GER
939,SRB
940,BEL
941,ARG
942,POL
943,POR
944,FRA
945,ESP
946,SUI
947,GER
948,RUS
949,BRA
950,ESP
951,BRA
952,FRA
953,POR
954,ESP
955,SUI
956,POR
957,POR
958,POR
959,RUS
960,ESP
961,CRC
962,ESP
963,FRA
964,GER
965,BRA
966,COL
967,GER
968,FRA
969,DEN
970,POL
971,COL
972,GER
973,URU
974,ESP
975,GER
976,SRB
977,BEL
978,POR
979,FRA
980,SWE
981,ESP
982,ENG
983,ARG
984,POL
985,SUI
986,SUI
987,SUI
988,COL
989,GER
990,DEN
991,POR
992,POR
993,SUI
994,POR
995,ESP
996,ENG
997,MEX
998,ESP
999,ESP
1000,JPN
1001,GER
1002,CRO
1003,BRA
1004,ARG
1005,SRB
1006,SUI
1007,SWE
1008,BEL
1009,ENG
1010,POR
1011,RUS
1012,RUS
1013,RUS
1014,NGA
1015,BRA
1016,BRA
1017,BEL
1018,IRN
1019,RUS
1020,GER
1021,ENG
1022,BEL
1023,GER
1024,RUS
1025,AUS
1026,SUI
1027,POR
1028,CRO
1029,POL
1030,BRA
1031,KOR
1032,POR
1033,ARG
1034,BEL
1035,NGA
1036,SUI
1037,SUI
1038,POR
1039,POR
1040,CRC
1041,BEL
1042,GER
1043,SUI
1044,POR
1045,BRA
1046,SWE
1047,ESP
1048,POR
1049,ESP
1050,FRA
1051,BEL
1052,ESP
1053,BRA
1054,BEL
1055,BRA
1056,BRA
1057,BRA
1058,GER
1059,RUS
1060,BRA
1061,SUI
1062,SWE
1063,BRA
1064,GER
1065,POR
1066,FRA
1067,ENG
1068,GER
1069,BRA
1070,ESP
1071,ESP
1072,POR
1073,SUI
1074,POR
1075,POR
1076,POR
1077,BRA
1078,ESP
1079,MEX
1080,ESP
1081,SWE
1082,BRA
1083,POR
1084,NGA
1085,EGY
1086,SUI
1087,BRA
1088,BRA
1089,URU
1090,CRO
1091,POR
1092,BRA
1093,ESP
1094,IRN
1095,RUS
1096,BRA
1097,ISL
1098,ESP
1099,COL
1100,GER
1101,GER
1102,GER
1103,SUI
1104,ESP
1105,ENG
1106,GER
1107,BRA
1108,ESP
1109,SWE
1110,PER
1111,JPN
1112,DEN
1113,URU
1114,FRA
1115,POR
1116,BRA
1117,DEN
1118,ESP
1119,FRA
1120,DEN
1121,ESP
1122,GER
1123,GER
1124,ESP
1125,URU
1126,GER
1127,BRA
1128,ESP
1129,MAR
1130,POR
1131,POR
1132,SUI
1133,SUI
1134,GER
1135,FRA
1136,GER
1137,GER
1138,ARG
1139,ESP
1140,RUS
1141,MEX
1142,DEN
1143,SUI
1144,JPN
1145,BRA
1146,RUS
1147,POR
1148,RUS
1149,BRA
1150,COL
1151,ESP
1152,IRN
1153,SRB
1154,ARG
1155,ENG
1156,ESP
1157,POR
1158,FRA
1159,POR
1160,SUI
1161,ENG
1162,ARG
1163,MEX
1164,BEL
1165,GER
1166,CRO
1167,ESP
1168,DEN
1169,FRA
1170,POR
1171,SUI
1172,POR
1173,GER
1174,GER
1175,BRA
1176,BRA
1177,GER
1178,GER
1179,POL
1180,DEN
1181,DEN
1182,BRA
1183,FRA
1184,DEN
1185,ESP
1186,CRO
1187,RUS
1188,GER
1189,ESP
1190,GER
1191,POR
1192,CRO
1193,BRA
1194,ESP
1195,SRB
1196,SWE
1197,POR
1198,GER
1199,ARG
1200,GER
1201,ESP
1202,GER
1203,FRA
1204,GER
1205,POR
1206,SUI
1207,DEN
1208,POR
1209,POR
1210,CRC
1211,ENG
1212,ENG
1213,SUI
1214,ESP
1215,BRA
1216,POR
1217,RUS
1218,POR
1219,DEN
1220,FRA
1221,RUS
1222,MEX
1223,KOR
1224,ESP
1225,BEL
1226,SUI
1227,POR
1228,COL
1229,ENG
1230,ARG
1231,ESP
1232,FRA
1233,ESP
1234,BRA
1235,BEL
1236,ESP
1237,POR
1238,POR
1239,GER
1240,GER
1241,GER
1242,ESP
1243,ESP
1244,ESP
1245,POR
1246,FRA
1247,POR
1248,BEL
1249,ENG
1250,URU
1251,NGA
1252,ENG
1253,BRA
1254,POR
1255,ARG
1256,BRA
1257,BRA
1258,BEL
1259,SRB
1260,SUI
1261,GER
1262,RUS
1263,POR
1264,FRA
1265,CRO
1266,POR
1267,CRO
1268,FRA
1269,RUS
1270,ENG
1271,BRA
1272,ESP
1273,CRO
1274,FRA
1275,RUS
1276,GER
1277,BEL
1278,POR
1279,BRA
1280,JPN
1281,TUN
1282,RUS
1283,POR
1284,ENG
1285,ESP
1286,GER
1287,POR
1288,POR
1289,SWE
1290,ESP
1291,POL
1292,ESP
1293,KOR
1294,POR
1295,SWE
1296,MEX
1297,BRA
1298,URU
1299,GER
1300,RUS
1301,SWE
1302,ESP
1303,BEL
1304,SUI
1305,POR
1306,TUN
1307,NGA
1308,GER
1309,JPN
1310,NGA
1311,GER
1312,POR
1313,BEL
1314,SUI
1315,EGY
1316,POR
1317,GER
1318,SUI
1319,COL
1320,POR
1321,POR
1322,FRA
1323,GER
1324,SUI
1325,IRN
1326,DEN
1327,POR
1328,KOR
1329,POR
1330,COL
1331,BEL
1332,DEN
1333,ESP
1334,BRA
1335,GER
1336,ARG
1337,GER
1338,FRA
1339,DEN
1340,ARG
1341,FRA
1342,FRA
1343,GER
1344,KOR
1345,ENG
1346,IRN
1347,SWE
1348,GER
1349,URU
1350,SRB
1351,SWE
1352,BEL
1353,BEL
1354,FRA
1355,GER
1356,RUS
1357,CRO
1358,SUI
1359,GER
1360,GER
1361,ENG
1362,GER
1363,ARG
1364,POR
1365,BRA
1366,URU
1367,DEN
1368,POR
1369,FRA
1370,BRA
1371,BRA
1372,DEN
1373,SUI
1374,MEX
1375,POR
1376,COL
1377,ENG
1378,DEN
1379,POL
1380,GER
1381,GER
1382,BRA
1383,GER
1384,ARG
1385,RUS
1386,ESP
1387,MEX
1388,SUI
1389,GER
1390,ESP
1391,POR
1392,BEL
1393,DEN
1394,ENG
1395,DEN
1396,RUS
1397,POR
1398,ESP
1399,ARG
1400,SUI
1401,POR
1402,SUI
1403,BEL
1404,ESP
1405,MAR
1406,RUS
1407,POL
1408,RUS
1409,ESP
1410,GER
1411,COL
1412,SWE
1413,DEN
1414,GER
1415,ARG
1416,ESP
1417,BEL
1418,CRO
1419,COL
1420,POR
1421,NGA
1422,FRA
1423,GER
1424,FRA
1425,GER
1426,ENG
1427,GER
1428,POR
1429,ESP
1430,GER
1431,POR
1432,BRA
1433,BRA
1434,CRO
1435,SUI
1436,GER
1437,SUI
1438,ESP
1439,GER
1440,POR
1441,ARG
1442,JPN
1443,KSA
1444,ENG
1445,DEN
1446,POR
1447,ESP
1448,POL
1449,GER
1450,URU
1451,JPN
1452,MEX
1453,ENG
1454,ENG
1455,GER
1456,MEX
1457,RUS
1458,COL
1459,ENG
1460,POR
1461,POR
1462,BRA
1463,POR
1464,ESP
1465,ENG
1466,BEL
1467,BEL
1468,IRN
1469,SUI
1470,GER
1471,SUI
1472,RUS
1473,GER
1474,POR
1475,NGA
1476,GER
1477,SUI
1478,SUI
1479,FRA
1480,ESP
1481,ARG
1482,DEN
1483,ENG
1484,IRN
1485,GER
1486,BRA
1487,ESP
1488,BRA
1489,BEL
1490,ENG
1491,SRB
1492,ESP
1493,ENG
1494,ARG
1495,BRA
1496,FRA
1497,COL
1498,POR
1499,ESP
1500,ENG
1501,POR
1502,URU
1503,NGA
1504,ARG
1505,SUI
1506,POR
1507,ENG
1508,BRA
1509,BRA
1510,ESP
1511,POR
1512,ESP
1513,ENG
1514,ENG
1515,BEL
1516,BRA
1517,GER
1518,ENG
1519,BEL
1520,DEN
1521,ESP
1522,CRO
1523,GER
1524,POR
1525,FRA
1526,POL
1527,GER
1528,ARG
1529,GER
1530,POR
1531,BRA
1532,ENG
1533,SWE
1534,BRA
1535,POR
1536,BRA
1537,RUS
1538,GER
1539,BEL
1540,SUI
1541,POR
1542,NGA
1543,POR
1544,ESP
1545,GER
1546,BEL
1547,GER
1548,NGA
1549,SRB
1550,IRN
1551,GER
1552,SWE
1553,BEL
1554,JPN
1555,AUS
1556,BRA
1557,DEN
1558,POR
1559,SWE
1560,SUI
1561,FRA
1562,FRA
1563,SUI
1564,ARG
1565,POR
1566,ENG
1567,POR
1568,BEL
1569,ESP
1570,FRA
1571,BEL
1572,SRB
1573,AUS
1574,NGA
1575,AUS
1576,BRA
1577,SUI
1578,FRA
1579,GER
1580,BRA
1581,ESP
1582,MEX
1583,POR
1584,DEN
1585,ESP
1586,GER
1587,BEL
1588,FRA
1589,COL
1590,POR
1591,ENG
1592,CRC
1593,AUS
1594,DEN
1595,RUS
1596,ARG
1597,BEL
1598,JPN
1599,POR
1600,ENG
1601,GER
1602,SUI
1603,SUI
1604,SUI
1605,FRA
1606,ENG
1607,FRA
1608,ENG
1609,ENG
1610,NGA
1611,RUS
1612,POR
1613,POR
1614,RUS
1615,POR
1616,POR
1617,ESP
1618,CRO
1619,BEL
1620,IRN
1621,ESP
1622,SUI
1623,KOR
1624,BRA
1625,ENG
1626,BRA
1627,POR
1628,FRA
1629,ARG
1630,RUS
1631,POL
1632,POR
1633,NGA
1634,FRA
1635,SRB
1636,ENG
1637,CRO
1638,SUI
1639,BRA
1640,SWE
1641,NGA
1642,COL
1643,IRN
1644,GER
1645,BRA
1646,POR
1647,ENG
1648,SUI
1649,ARG
1650,MEX
1651,ENG
1652,RUS
1653,BRA
1654,COL
1655,ESP
1656,SWE
1657,ENG
1658,FRA
1659,FRA
1660,ENG
1661,BEL
1662,URU
1663,IRN
1664,SWE
1665,ESP
1666,DEN
1667,SUI
1668,CRO
1669,ESP
1670,ARG
1671,JPN
1672,COL
1673,GER
1674,FRA
1675,SUI
1676,GER
1677,BRA
1678,ESP
1679,POR
1680,GER
1681,AUS
1682,ARG
1683,BRA
1684,RUS
1685,SUI
1686,ESP
1687,POR
1688,GER
1689,ENG
1690,RUS
1691,NGA
1692,ENG
1693,GER
1694,BRA
1695,ESP
1696,BEL
1697,GER
1698,ESP
1699,ESP
1700,POR
1701,BRA
1702,DEN
1703,GER
1704,SUI
1705,FRA
1706,POR
1707,POR
1708,GER
1709,DEN
1710,BEL
1711,ENG
1712,BRA
1713,RUS
1714,FRA
1715,GER
1716,BEL
1717,CRO
1718,FRA
1719,GER
1720,ESP
1721,SUI
1722,MEX
1723,BRA
1724,COL
1725,SRB
1726,GER
1727,BRA
1728,ESP
1729,ESP
1730,MEX
1731,IRN
1732,SRB
1733,GER
1734,RUS
1735,ENG
1736,POR
1737,GER
1738,PER
1739,SUI
1740,ENG
1741,FRA
1742,BRA
1743,FRA
1744,NGA
1745,FRA
1746,SRB
1747,POR
1748,IRN
1749,POR
1750,GER
1751,BRA
1752,GER
1753,GER
1754,BEL
1755,SUI
1756,FRA
1757,SUI
1758,SRB
1759,ARG
1760,POR
1761,ENG
1762,URU
1763,COL
1764,BRA
1765,MEX
1766,SRB
1767,BEL
1768,GER
1769,CRO
1770,SWE
1771,ESP
1772,SUI
1773,BRA
1774,GER
1775,ENG
1776,FRA
1777,SWE
1778,BEL
1779,GER
1780,RUS
1781,URU
1782,BRA
1783,BRA
1784,SUI
1785,POR
1786,TUN
1787,ARG
1788,SRB
1789,ENG
1790,SRB
1791,ESP
1792,ESP
1793,GER
1794,SUI
1795,ARG
1796,POR
1797,ENG
1798,BRA
1799,ESP
1800,POR
1801,CRO
1802,ENG
1803,SUI
1804,BEL
1805,POR
1806,GER
1807,BRA
1808,ENG
1809,BEL
1810,ENG
1811,POR
1812,SRB
1813,POR
1814,COL
1815,FRA
1816,BRA
1817,GER
1818,BRA
1819,ESP
1820,MEX
1821,SUI
1822,RUS
1823,POR
1824,ESP
1825,BRA
1826,FRA
1827,SUI
1828,BEL
1829,RUS
1830,NGA
1831,BEL
1832,BRA
1833,FRA
1834,FRA
1835,URU
1836,ENG
1837,COL
1838,SRB
1839,BEL
1840,DEN
1841,GER
1842,ENG
1843,ESP
1844,SUI
1845,POR
1846,ENG
1847,AUS
1848,BRA
1849,ESP
1850,CRC
1851,BEL
1852,GER
1853,SUI
1854,POR
1855,GER
1856,DEN
1857,BRA
1858,GER
1859,POL
1860,MEX
1861,SUI
1862,SUI
1863,GER
1864,POR
1865,BEL
1866,FRA
1867,SUI
1868,BRA
1869,GER
1870,SUI
1871,ESP
1872,BEL
1873,IRN
1874,ENG
1875,FRA
1876,GER
1877,POR
1878,ESP
1879,ESP
1880,POL
1881,ESP
1882,MEX
1883,CRO
1884,ESP
1885,MEX
1886,DEN
1887,SWE
1888,DEN
1889,POR
1890,GER
1891,ESP
1892,CRO
1893,SUI
1894,POR
1895,RUS
1896,POR
1897,SUI
1898,POR
1899,ARG
1900,POR
1901,RUS
1902,RUS
1903,FRA
1904,ESP
1905,GER
1906,MEX
1907,ESP
1908,POR
1909,GER
1910,SWE
1911,GER
1912,ESP
1913,BEL
1914,GER
1915,FRA
1916,ESP
1917,POR
1918,GER
1919,FRA
1920,POR
1921,CRO
1922,SUI
1923,POR
1924,POR
1925,ESP
1926,ESP
1927,GER
1928,POR
1929,ENG
1930,POR
1931,POR
1932,POR
1933,ENG
1934,IRN
1935,GER
1936,BEL
1937,MEX
1938,ESP
1939,ENG
1940,RUS
1941,SUI
1942,CRC
1943,NGA
1944,GER
1945,RUS
1946,ENG
1947,ESP
1948,ESP
1949,DEN
1950,POR
1951,ESP
1952,DEN
1953,FRA
1954,CRO
1955,GER
1956,GER
1957,BRA
1958,RUS
1959,GER
1960,GER
1961,POR
1962,POR
1963,ENG
1964,GER
1965,FRA
1966,FRA
1967,ESP
1968,ARG
1969,ESP
1970,POR
1971,AUS
1972,URU
1973,SUI
1974,NGA
1975,MEX
1976,BRA
1977,SUI
1978,POR
1979,DEN
1980,ENG
1981,BRA
1982,CRC
1983,JPN
1984,SUI
1985,SUI
1986,SUI
1987,ESP
1988,SWE
1989,NGA
1990,BRA
1991,GER
1992,FRA
1993,ENG
1994,POR
1995,POR
1996,ARG
1997,BRA
1998,ARG
1999,ENG
2000,COL
2001,ESP
2002,POR
2003,KOR
2004,BRA
2005,ESP
2006,POR
2007,POR
2008,POR
2009,ESP
2010,BRA
2011,RUS
2012,ESP
2013,ISL
2014,GER
2015,SUI
2016,POR
2017,FRA
2018,POR
2019,SUI
2020,GER
2021,SUI
2022,FRA
2023,GER
2024,GER
2025,CRC
2026,GER
2027,GER
2028,COL
2029,ENG
2030,ESP
2031,RUS
2032,AUS
2033,ARG
2034,POR
2035,ARG
2036,BEL
2037,RUS
2038,POL
2039,BRA
2040,CRO
2041,GER
2042,GER
2043,BRA
2044,ESP
2045,MEX
2046,BRA
2047,FRA
2048,GER
2049,ENG
2050,GER
2051,GER
2052,ENG
2053,SUI
2054,ESP
2055,SUI
2056,GER
2057,ESP
2058,GER
2059,POL
2060,POL
2061,SRB
2062,BRA
2063,CRO
2064,FRA
2065,POR
2066,COL
2067,POR
2068,ENG
2069,ARG
2070,BRA
2071,COL
2072,BRA
2073,GER
2074,ENG
2075,FRA
2076,FRA
2077,ESP
2078,URU
2079,ESP
2080,MEX
2081,POR
2082,ESP
2083,BRA
2084,GER
2085,POR
2086,ESP
2087,COL
2088,SUI
2089,DEN
2090,POR
2091,MEX
2092,ENG
2093,NGA
2094,BRA
2095,FRA
2096,BEL
2097,GER
2098,DEN
2099,NGA
2100,ENG
2101,POR
2102,COL
2103,MEX
2104,RUS
2105,BRA
2106,SUI
2107,SUI
2108,MEX
2109,FRA
2110,ENG
2111,SUI
2112,DEN
2113,RUS
2114,SUI
2115,GER
2116,GER
2117,DEN
2118,SUI
2119,ENG
2120,DEN
2121,ARG
2122,BRA
2123,BEL
2124,SWE
2125,SWE
2126,FRA
2127,POR
2128,ESP
2129,BEL
2130,NGA
2131,POR
2132,MEX
2133,GER
2134,SRB
2135,SRB
2136,ENG
2137,ENG
2138,GER
2139,BRA
2140,DEN
2141,AUS
2142,SUI
2143,JPN
2144,ENG
2145,BEL
2146,ARG
2147,POR
2148,POR
2149,CRO
2150,RUS
2151,FRA
2152,ESP
2153,SWE
2154,POR
2155,ENG
2156,ENG
2157,RUS
2158,RUS
2159,SUI
2160,FRA
2161,FRA
2162,POR
2163,ESP
2164,PAN
2165,GER
2166,ENG
2167,URU
2168,SUI
2169,POR
2170,ARG
2171,ESP
2172,GER
2173,SUI
2174,GER
2175,MEX
2176,POR
2177,ESP
2178,COL
2179,BRA
2180,ESP
2181,ENG
2182,ARG
2183,DEN
2184,ESP
2185,ARG
2186,CRO
2187,POR
2188,SRB
2189,POL
2190,ENG
2191,COL
2192,RUS
2193,SUI
2194,SUI
2195,GER
2196,BRA
2197,POR
2198,ENG
2199,ENG
2200,ESP
2201,POR
2202,GER
2203,FRA
2204,SUI
2205,ENG
2206,IRN
2207,ESP
2208,SUI
2209,POL
2210,ARG
2211,BEL
2212,POR
2213,GER
2214,MEX
2215,GER
2216,BRA
2217,DEN
2218,BRA
2219,NGA
2220,BEL
2221,ARG
2222,POR
2223,ESP
2224,DEN
2225,ENG
2226,BRA
2227,FRA
2228,GER
2229,ESP
2230,BRA
2231,CRO
2232,ESP
2233,RUS
2234,ARG
2235,DEN
2236,SUI
2237,BEL
2238,URU
2239,BRA
2240,RUS
2241,GER
2242,BEL
2243,BEL
2244,CRO
2245,ENG
2246,GER
2247,POR
2248,CRO
2249,POR
2250,SRB
2251,FRA
2252,SUI
2253,ARG
2254,FRA
2255,GER
2256,FRA
2257,GER
2258,FRA
2259,BRA
2260,GER
2261,ENG
2262,SWE
2263,SUI
2264,ENG
2265,MEX
2266,CRC
2267,GER
2268,FRA
2269,SUI
2270,POL
2271,POR
2272,POR
2273,POR
2274,GER
2275,ESP
2276,ARG
2277,ESP
2278,ARG
2279,ESP
2280,MEX
2281,IRN
2282,ESP
2283,CRO
2284,BRA
2285,RUS
2286,RUS
2287,SRB
2288,CRO
2289,BEL
2290,RUS
2291,SUI
2292,BRA
2293,BRA
2294,BEL
2295,ENG
2296,NGA
2297,BRA
2298,DEN
2299,SRB
2300,POR
2301,SUI
2302,ENG
2303,GER
2304,ESP
2305,ESP
2306,ARG
2307,ESP
2308,ARG
2309,ESP
2310,GER
2311,BRA
2312,FRA
2313,ESP
2314,BRA
2315,MEX
2316,ESP
2317,COL
2318,ESP
2319,DEN
2320,SUI
2321,BRA
2322,SRB
2323,ESP
2324,POR
2325,SWE
2326,NGA
2327,SWE
2328,FRA
2329,ARG
2330,GER
2331,SRB
2332,RUS
2333,GER
2334,SRB
2335,CRC
2336,CRO
2337,NGA
2338,GER
2339,GER
2340,SUI
2341,KOR
2342,ENG
2343,BRA
2344,BRA
2345,BRA
2346,ESP
2347,ESP
2348,ESP
2349,GER
2350,FRA
2351,SRB
2352,ESP
2353,FRA
2354,FRA
2355,COL
2356,GER
2357,CRO
2358,GER
2359,SUI
2360,IRN
2361,GER
2362,ENG
2363,NGA
2364,FRA
2365,ESP
2366,COL
2367,URU
2368,SUI
2369,GER
2370,POR
2371,POR
2372,BRA
2373,GER
2374,ENG
2375,ENG
2376,GER
2377,GER
2378,BRA
2379,POR
2380,POR
2381,POR
2382,MEX
2383,SUI
2384,FRA
2385,SWE
2386,ESP
2387,ARG
2388,ESP
2389,BRA
2390,NGA
2391,BRA
2392,POR
2393,MEX
2394,BRA
2395,GER
2396,BEL
2397,RUS
2398,POR
2399,JPN
2400,SUI
2401,GER
2402,SEN
2403,EGY
2404,BEL
2405,SEN
2406,GER
2407,POR
2408,BEL
2409,FRA
2410,MEX
2411,CRO
2412,GER
2413,FRA
2414,SUI
2415,BRA
2416,ESP
2417,SUI
2418,GER
2419,BEL
2420,POR
2421,GER
2422,BRA
2423,POR
2424,POR
2425,SRB
2426,ENG
2427,BEL
2428,GER
2429,RUS
2430,BEL
2431,SUI
2432,SUI
2433,SRB
2434,GER
2435,RUS
2436,FRA
2437,POR
2438,POR
2439,ESP
2440,TUN
2441,SWE
2442,SRB
2443,BRA
2444,ARG
2445,ARG
2446,GER
2447,GER
2448,CRC
2449,RUS
2450,BEL
2451,ARG
2452,KOR
2453,ENG
2454,SUI
2455,FRA
2456,ENG
2457,SUI
2458,POR
2459,FRA
2460,MEX
2461,NGA
2462,BRA
2463,SWE
2464,NGA
2465,RUS
2466,RUS
2467,MEX
2468,CRO
2469,MEX
2470,POR
2471,BEL
2472,FRA
2473,BRA
2474,GER
2475,DEN
2476,FRA
2477,JPN
2478,BEL
2479,CRO
2480,ESP
2481,GER
2482,POR
2483,ENG
2484,GER
2485,ESP
2486,POR
2487,BRA
2488,FRA
2489,BRA
2490,GER
2491,ARG
2492,GER
2493,SUI
2494,ESP
2495,ENG
2496,POR
2497,BEL
2498,POR
2499,FRA
2500,SUI
2501,GER
2502,BEL
2503,BEL
2504,ENG
2505,BRA
2506,IRN
2507,MEX
2508,SWE
2509,POR
2510,POR
2511,DEN
2512,AUS
2513,JPN
2514,ESP
2515,GER
2516,SUI
2517,SUI
2518,FRA
2519,BRA
2520,ESP
2521,DEN
2522,POR
2523,GER
2524,SUI
2525,GER
2526,GER
2527,SWE
2528,GER
2529,GER
2530,POR
2531,ESP
2532,RUS
2533,NGA
2534,SRB
2535,ENG
2536,DEN
2537,COL
2538,ESP
2539,ARG
2540,ESP
2541,URU
2542,POR
2543,POR
2544,ESP
2545,DEN
2546,ENG
2547,POR
2548,BEL
2549,BRA
2550,BRA
2551,ESP
2552,BRA
2553,BRA
2554,GER
2555,RUS
2556,SRB
2557,SUI
2558,ESP
2559,ENG
2560,SWE
2561,FRA
2562,MEX
2563,POR
2564,BEL
2565,GER
2566,ARG
2567,ESP
2568,ENG
2569,ENG
2570,RUS
2571,SUI
2572,SUI
2573,BRA
2574,SUI
2575,MEX
2576,ENG
2577,POR
2578,GER
2579,ENG
2580,DEN
2581,URU
2582,SUI
2583,SUI
2584,ESP
2585,AUS
2586,DEN
2587,RUS
2588,FRA
2589,POR
2590,POR
2591,BRA
2592,POR
2593,ESP
2594,ESP
2595,SEN
2596,POR
2597,DEN
2598,IRN
2599,IRN
2600,BRA
2601,ESP
2602,SUI
2603,BEL
2604,SRB
2605,ESP
2606,DEN
2607,POR
2608,GER
2609,ESP
2610,FRA
2611,POR
2612,ENG
2613,BEL
2614,RUS
2615,GER
2616,POR
2617,POR
2618,ENG
2619,EGY
2620,SUI
2621,SUI
2622,RUS
2623,SUI
2624,DEN
2625,GER
2626,BEL
2627,FRA
2628,DEN
2629,ESP
2630,IRN
2631,POR
2632,NGA
2633,GER
2634,SUI
2635,ARG
2636,ESP
2637,POR
2638,POR
2639,SRB
2640,GER
2641,ENG
2642,FRA
2643,POL
2644,BRA
2645,RUS
2646,ESP
2647,POR
2648,SUI
2649,ESP
2650,SUI
2651,RUS
2652,ESP
2653,ENG
2654,POR
2655,NGA
2656,COL
2657,FRA
2658,GER
2659,ENG
2660,BRA
2661,ESP
2662,BRA
2663,SUI
2664,CRC
2665,URU
2666,BRA
2667,ENG
2668,SUI
2669,ESP
2670,POR
2671,RUS
2672,FRA
2673,POR
2674,BEL
2675,ARG
2676,BRA
2677,IRN
2678,POR
2679,POL
2680,FRA
2681,BRA
2682,BEL
2683,POR
2684,GER
2685,POR
2686,SUI
2687,GER
2688,COL
2689,ARG
2690,ENG
2691,ESP
2692,BRA
2693,POR
2694,IRN
2695,GER
2696,ESP
2697,POR
2698,GER
2699,SUI
2700,SWE
2701,ENG
2702,ARG
2703,GER
2704,POR
2705,BEL
2706,SWE
2707,POL
2708,RUS
2709,POR
2710,BRA
2711,SUI
2712,BRA
2713,ENG
2714,GER
2715,FRA
2716,SWE
2717,SWE
2718,FRA
2719,POR
2720,FRA
2721,RUS
2722,SUI
2723,CRO
2724,ESP
2725,RUS
2726,DEN
2727,ESP
2728,ENG
2729,GER
2730,COL
2731,RUS
2732,SUI
2733,BRA
2734,POR
2735,ESP
2736,RUS
2737,DEN
2738,DEN
2739,POR
2740,RUS
2741,IRN
2742,ENG
2743,BRA
2744,GER
2745,GER
2746,ENG
2747,SUI
2748,GER
2749,ARG
2750,BRA
2751,GER
2752,ENG
2753,BRA
2754,JPN
2755,POR
2756,BEL
2757,CRO
2758,GER
2759,URU
2760,ESP
2761,FRA
2762,GER
2763,GER
2764,BEL
2765,BEL
2766,ENG
2767,URU
2768,GER
2769,BRA
2770,PER
2771,DEN
2772,FRA
2773,POR
2774,FRA
2775,GER
2776,JPN
2777,BRA
2778,GER
2779,ENG
2780,FRA
2781,DEN
2782,ESP
2783,COL
2784,SUI
2785,SUI
2786,GER
2787,DEN
2788,NGA
2789,MEX
2790,POR
2791,JPN
2792,ESP
2793,POR
2794,FRA
2795,ENG
2796,TUN
2797,POR
2798,BRA
2799,GER
2800,POR
2801,DEN
2802,SUI
2803,CRO
2804,IRN
2805,ESP
2806,FRA
2807,SUI
2808,POR
2809,ESP
2810,SUI
2811,DEN
2812,SUI
2813,GER
2814,POR
2815,ESP
2816,POL
2817,ENG
2818,ENG
2819,GER
2820,FRA
2821,ESP
2822,POR
2823,RUS
2824,POR
2825,ENG
2826,POR
2827,BEL
2828,POR
2829,ARG
2830,URU
2831,POR
2832,CRO
2833,POR
2834,ENG
2835,GER
2836,URU
2837,FRA
2838,BRA
2839,ENG
2840,ENG
2841,GER
2842,FRA
2843,BRA
2844,BRA
2845,ENG
2846,FRA
2847,POR
2848,SWE
2849,BRA
2850,BEL
2851,CRO
2852,BEL
2853,DEN
2854,SUI
2855,BEL
2856,FRA
2857,GER
2858,IRN
2859,JPN
2860,ESP
2861,CRC
2862,GER
2863,IRN
2864,COL
2865,JPN
2866,GER
2867,ESP
2868,COL
2869,BRA
2870,FRA
2871,RUS
2872,ARG
2873,MEX
2874,POR
2875,ENG
2876,ENG
2877,MEX
2878,POR
2879,MEX
2880,GER
2881,BRA
2882,SUI
2883,SUI
2884,JPN
2885,DEN
2886,FRA
2887,NGA
2888,GER
2889,POR
2890,URU
2891,BRA
2892,POR
2893,GER
2894,GER
2895,SUI
2896,CRO
2897,BRA
2898,POR
2899,ENG
2900,BRA
2901,FRA
2902,GER
2903,SUI
2904,SUI
2905,ESP
2906,GER
2907,BRA
2908,FRA
2909,GER
2910,RUS
2911,GER
2912,ARG
2913,COL
2914,ESP
2915,GER
2916,FRA
2917,COL
2918,POR
2919,GER
2920,DEN
2921,ARG
2922,SRB
2923,RUS
2924,DEN
2925,POR
2926,GER
2927,ENG
2928,ENG
2929,ARG
2930,SRB
2931,ARG
2932,CRO
2933,ESP
2934,GER
2935,GER
2936,NGA
2937,DEN
2938,BRA
2939,GER
2940,GER
2941,ENG
2942,COL
2943,DEN
2944,PER
2945,POR
2946,MEX
2947,POR
2948,MEX
2949,RUS
2950,BEL
2951,POR
2952,COL
2953,PER
2954,ARG
2955,POR
2956,SUI
2957,BRA
2958,BRA
2959,FRA
2960,POR
2961,POR
2962,BRA
2963,SUI
2964,GER
2965,POR
2966,ENG
2967,ESP
2968,ESP
2969,SUI
2970,SUI
2971,SWE
2972,URU
2973,SUI
2974,GER
2975,POR
2976,FRA
2977,GER
2978,ENG
2979,KSA
2980,SUI
2981,MEX
2982,FRA
2983,GER
2984,ESP
2985,GER
2986,SRB
2987,COL
2988,GER
2989,ENG
2990,BRA
2991,BRA
2992,ENG
2993,GER
2994,SUI
2995,IRN
2996,POR
2997,TUN
2998,BRA
2999,ENG
3000,MEX
3001,MEX
3002,JPN
3003,FRA
3004,SUI
3005,IRN
3006,DEN
3007,POR
3008,MEX
3009,POR
3010,SUI
3011,POR
3012,BEL
3013,ESP
3014,CRO
3015,ESP
3016,BEL
3017,SWE
3018,ARG
3019,ENG
3020,GER
3021,ESP
3022,DEN
3023,CRO
3024,SUI
3025,FRA
3026,ENG
3027,SUI
3028,SRB
3029,SUI
3030,ESP
3031,CRC
3032,POR
3033,RUS
3034,SRB
3035,FRA
3036,ESP
3037,BEL
3038,SRB
3039,BRA
3040,BRA
3041,POR
3042,ESP
3043,SUI
3044,BRA
3045,ENG
3046,ARG
3047,FRA
3048,GER
3049,SWE
3050,PAN
3051,COL
3052,RUS
3053,RUS
3054,RUS
3055,BRA
3056,SUI
3057,ESP
3058,GER
3059,POR
3060,BRA
3061,DEN
3062,POL
3063,POR
3064,ESP
3065,POR
3066,BEL
3067,POR
3068,ESP
3069,BRA
3070,POR
3071,COL
3072,CRC
3073,SUI
3074,POR
3075,POR
3076,SUI
3077,POR
3078,ARG
3079,POR
3080,POR
3081,ARG
3082,RUS
3083,POR
3084,ENG
3085,ESP
3086,POR
3087,FRA
3088,FRA
3089,POR
3090,GER
3091,CRO
3092,GER
3093,ENG
3094,BRA
3095,POR
3096,BRA
3097,ENG
3098,ENG
3099,FRA
3100,ESP
3101,SRB
3102,CRC
3103,POR
3104,POR
3105,BEL
3106,GER
3107,FRA
3108,SRB
3109,SUI
3110,RUS
3111,SUI
3112,CRO
3113,SRB
3114,DEN
3115,POR
3116,ESP
3117,POR
3118,ESP
3119,SRB
3120,IRN
3121,POR
3122,SWE
3123,RUS
3124,ENG
3125,CRO
3126,ESP
3127,BRA
3128,ESP
3129,BRA
3130,SUI
3131,FRA
3132,ARG
3133,SUI
3134,BEL
3135,ENG
3136,NGA
3137,SUI
3138,SUI
3139,POR
3140,RUS
3141,EGY
3142,MEX
3143,FRA
3144,ESP
3145,SUI
3146,RUS
3147,BEL
3148,SUI
3149,FRA
3150,ENG
3151,GER
3152,FRA
3153,ENG
3154,MEX
3155,IRN
3156,ESP
3157,SUI
3158,POL
3159,BRA
3160,BRA
3161,ENG
3162,ENG
3163,URU
3164,POR
3165,AUS
3166,POR
3167,SUI
3168,POR
3169,BEL
3170,RUS
3171,DEN
3172,SUI
3173,URU
3174,POR
3175,GER
3176,ARG
3177,RUS
3178,RUS
3179,ESP
3180,FRA
3181,ENG
3182,CRO
3183,SUI
3184,COL
3185,SUI
3186,ESP
3187,CRO
3188,PER
3189,POR
3190,GER
3191,GER
3192,GER
3193,CRO
3194,GER
3195,POR
3196,GER
3197,DEN
3198,SWE
3199,POL
3200,URU
3201,NGA
3202,DEN
3203,FRA
3204,ENG
3205,SUI
3206,MEX
3207,GER
3208,BRA
3209,POR
3210,GER
3211,SRB
3212,GER
3213,ARG
3214,RUS
3215,POR
3216,BRA
3217,SUI
3218,CRO
3219,RUS
3220,ENG
3221,SRB
3222,ENG
3223,GER
3224,GER
3225,ARG
3226,POR
3227,BRA
3228,IRN
3229,BRA
3230,FRA
3231,BRA
3232,SUI
3233,ENG
3234,URU
3235,DEN
3236,FRA
3237,POR
3238,ESP
3239,POR
3240,MEX
3241,SWE
3242,ARG
3243,NGA
3244,ESP
3245,COL
3246,RUS
3247,IRN
3248,POR
3249,GER
3250,BEL
3251,BRA
3252,BRA
3253,SUI
3254,FRA
3255,RUS
3256,POR
3257,RUS
3258,ENG
3259,RUS
3260,JPN
3261,BRA
3262,BRA
3263,FRA
3264,CRC
3265,BEL
3266,MAR
3267,ARG
3268,GER
3269,ENG
3270,BRA
3271,BRA
3272,POL
3273,ESP
3274,ESP
3275,POR
3276,PAN
3277,SUI
3278,FRA
3279,SUI
3280,POR
3281,GER
3282,POR
3283,POR
3284,GER
3285,BRA
3286,SUI
3287,SUI
3288,POR
3289,DEN
3290,ENG
3291,BRA
3292,POR
3293,SUI
3294,IRN
3295,ESP
3296,GER
3297,ARG
3298,POR
3299,GER
3300,ENG
3301,GER
3302,BEL
3303,SWE
3304,DEN
3305,ARG
3306,GER
3307,ARG
3308,ARG
3309,DEN
3310,NGA
3311,MEX
3312,RUS
3313,SWE
3314,ESP
3315,BEL
3316,NGA
3317,ESP
3318,GER
3319,BRA
3320,FRA
3321,BRA
3322,GER
3323,DEN
3324,BEL
3325,FRA
3326,ESP
3327,RUS
3328,CRO
3329,CRO
3330,COL
3331,CRC
3332,POR
3333,CRO
3334,RUS
3335,SUI
3336,ESP
3337,BRA
3338,CRO
3339,GER
3340,RUS
3341,FRA
3342,POR
3343,ENG
3344,ENG
3345,ESP
3346,GER
3347,BRA
3348,SRB
3349,GER
3350,MEX
3351,IRN
3352,COL
3353,ESP
3354,NGA
3355,POR
3356,POL
3357,SUI
3358,POR
3359,BEL
3360,SUI
3361,GER
3362,GER
3363,GER
3364,GER
3365,BRA
3366,NGA
3367,FRA
3368,POR
3369,RUS
3370,EGY
3371,ENG
3372,GER
3373,ARG
3374,IRN
3375,POR
3376,GER
3377,ARG
3378,ESP
3379,FRA
3380,BRA
3381,POR
3382,GER
3383,CRO
3384,COL
3385,URU
3386,ARG
3387,ARG
3388,SUI
3389,POR
3390,SWE
3391,ESP
3392,ENG
3393,SUI
3394,BRA
3395,RUS
3396,ESP
3397,CRO
3398,ARG
3399,BEL
3400,ENG
3401,POL
3402,GER
3403,ENG
3404,GER
3405,GER
3406,POR
3407,RUS
3408,GER
3409,GER
3410,COL
3411,SUI
3412,COL
3413,BEL
3414,COL
3415,SUI
3416,SUI
3417,SRB
3418,SUI
3419,GER
3420,ARG
3421,GER
3422,GER
3423,GER
3424,RUS
3425,GER
3426,ESP
3427,RUS
3428,POR
3429,ARG
3430,GER
3431,NGA
3432,BRA
3433,CRC
3434,BRA
3435,ENG
3436,FRA
3437,FRA
3438,ESP
3439,ESP
3440,POL
3441,ESP
3442,POR
3443,DEN
3444,CRO
3445,CRO
3446,SWE
3447,GER
3448,URU
3449,MEX
3450,DEN
3451,CRO
3452,SUI
3453,KOR
3454,POL
3455,BRA
3456,GER
3457,DEN
3458,ESP
3459,FRA
3460,POR
3461,SWE
3462,RUS
3463,COL
3464,SUI
3465,MEX
3466,GER
3467,DEN
3468,POR
3469,GER
3470,FRA
3471,SRB
3472,JPN
3473,ARG
3474,ENG
3475,MEX
3476,BRA
3477,SUI
3478,URU
3479,GER
3480,BEL
3481,MEX
3482,MEX
3483,GER
3484,ENG
3485,GER
3486,POR
3487,SWE
3488,ESP
3489,ENG
3490,NGA
3491,SUI
3492,ENG
3493,POR
3494,FRA
3495,BRA
3496,GER
3497,SUI
3498,ESP
3499,GER
3500,SUI
3501,FRA
3502,CRC
3503,RUS
3504,ESP
3505,JPN
3506,POL
3507,FRA
3508,BRA
3509,POL
3510,COL
3511,POR
3512,GER
3513,ENG
3514,ESP
3515,ESP
3516,ESP
3517,PER
3518,ESP
3519,GER
3520,SUI
3521,SUI
3522,BEL
3523,DEN
3524,GER
3525,SWE
3526,SUI
3527,ISL
3528,MEX
3529,GER
3530,PER
3531,ESP
3532,GER
3533,ESP
3534,SRB
3535,GER
3536,ESP
3537,URU
3538,GER
3539,BRA
3540,AUS
3541,SUI
3542,FRA
3543,BRA
3544,URU
3545,RUS
3546,CRC
3547,BRA
3548,POR
3549,JPN
3550,SWE
3551,ESP
3552,ESP
3553,BRA
3554,SUI
3555,POR
3556,POR
3557,IRN
3558,GER
3559,POR
3560,POR
3561,COL
3562,MEX
3563,POR
3564,ARG
3565,MEX
3566,DEN
3567,POR
3568,BRA
3569,MEX
3570,SUI
3571,NGA
3572,RUS
3573,SUI
3574,POR
3575,EGY
3576,BRA
3577,IRN
3578,GER
3579,GER
3580,MEX
3581,BEL
3582,PER
3583,JPN
3584,ESP
3585,MEX
3586,SUI
3587,NGA
3588,SUI
3589,BRA
3590,COL
3591,URU
3592,SRB
3593,NGA
3594,GER
3595,BRA
3596,POR
3597,SUI
3598,GER
3599,SRB
3600,BRA
3601,ISL
3602,CRO
3603,ESP
3604,JPN
3605,POR
3606,GER
3607,BRA
3608,BEL
3609,POL
3610,ESP
3611,SWE
3612,ENG
3613,RUS
3614,BRA
3615,URU
3616,BEL
3617,SUI
3618,POR
3619,FRA
3620,BEL
3621,ARG
3622,SWE
3623,BRA
3624,SUI
3625,FRA
3626,SRB
3627,FRA
3628,FRA
3629,DEN
3630,EGY
3631,RUS
3632,ESP
3633,ENG
3634,BRA
3635,GER
3636,SUI
3637,POR
3638,POR
3639,GER
3640,POL
3641,COL
3642,GER
3643,DEN
3644,MEX
3645,ENG
3646,GER
3647,POR
3648,BRA
3649,ARG
3650,ARG
3651,ESP
3652,ENG
3653,BRA
3654,JPN
3655,POR
3656,SUI
3657,BRA
3658,BRA
3659,BRA
3660,FRA
3661,SUI
3662,FRA
3663,SUI
3664,BEL
3665,FRA
3666,SUI
3667,URU
3668,SUI
3669,ESP
3670,GER
3671,CRC
3672,RUS
3673,GER
3674,ENG
3675,BRA
3676,ESP
3677,DEN
3678,ENG
3679,ESP
3680,BRA
3681,GER
3682,GER
3683,ENG
3684,SUI
3685,ESP
3686,FRA
3687,SWE
3688,ENG
3689,RUS
3690,GER
3691,POR
3692,MEX
3693,RUS
3694,FRA
3695,BRA
3696,RUS
3697,POR
3698,NGA
3699,ESP
3700,POR
3701,ESP
3702,GER
3703,POR
3704,NGA
3705,BEL
3706,GER
3707,POR
3708,ESP
3709,GER
3710,ENG
3711,SUI
3712,ESP
3713,GER
3714,DEN
3715,GER
3716,SUI
3717,RUS
3718,ARG
3719,AUS
3720,ENG
3721,BEL
3722,ESP
3723,ESP
3724,FRA
3725,POR
3726,ESP
3727,POR
3728,SWE
3729,IRN
3730,BRA
3731,RUS
3732,POR
3733,GER
3734,GER
3735,ESP
3736,ARG
3737,RUS
3738,FRA
3739,BEL
3740,POR
3741,BRA
3742,DEN
3743,ESP
3744,ENG
3745,BRA
3746,GER
3747,URU
3748,SRB
3749,BRA
3750,POR
3751,SWE
3752,SUI
3753,BRA
3754,FRA
3755,FRA
3756,ENG
3757,FRA
3758,POR
3759,ESP
3760,MEX
3761,SUI
3762,ARG
3763,ENG
3764,SUI
3765,POR
3766,CRO
3767,POR
3768,GER
3769,POL
3770,BEL
3771,GER
3772,ESP
3773,BRA
3774,ESP
3775,SUI
3776,GER
3777,IRN
3778,KOR
3779,BRA
3780,ENG
3781,GER
3782,DEN
3783,POR
3784,BRA
3785,IRN
3786,ESP
3787,ESP
3788,DEN
3789,BEL
3790,BEL
3791,BRA
3792,MEX
3793,POR
3794,SWE
3795,SWE
3796,RUS
3797,GER
3798,BRA
3799,ENG
3800,GER
3801,SUI
3802,JPN
3803,ESP
3804,CRO
3805,POR
3806,GER
3807,POR
3808,BRA
3809,ARG
3810,SRB
3811,POR
3812,PER
3813,CRC
3814,IRN
3815,ENG
3816,GER
3817,DEN
3818,SWE
3819,POR
3820,EGY
3821,SUI
3822,SUI
3823,URU
3824,SWE
3825,POR
3826,SUI
3827,FRA
3828,POR
3829,POR
3830,POR
3831,GER
3832,IRN
3833,BEL
3834,ESP
3835,POR
3836,DEN
3837,BRA
3838,SUI
3839,GER
3840,ENG
3841,MEX
3842,MEX
3843,ENG
3844,CRC
3845,SUI
3846,SRB
3847,ENG
3848,ARG
3849,COL
3850,ESP
3851,GER
3852,BRA
3853,TUN
3854,COL
3855,ESP
3856,ENG
3857,SUI
3858,ESP
3859,FRA
3860,BEL
3861,BRA
3862,BRA
3863,ENG
3864,ENG
3865,SWE
3866,GER
3867,FRA
3868,POR
3869,FRA
3870,BRA
3871,POR
3872,POR
3873,SWE
3874,SRB
3875,GER
3876,POR
3877,ESP
3878,ARG
3879,SUI
3880,FRA
3881,BRA
3882,ARG
3883,NGA
3884,GER
3885,ENG
3886,BRA
3887,GER
3888,POR
3889,FRA
3890,MEX
3891,SUI
3892,GER
3893,FRA
3894,MEX
3895,MEX
3896,RUS
3897,SWE
3898,SUI
3899,BRA
3900,BRA
3901,GER
3902,ESP
3903,FRA
3904,RUS
3905,SUI
3906,SWE
3907,RUS
3908,CRO
3909,CRO
3910,SUI
3911,SUI
3912,POR
3913,POR
3914,GER
3915,PER
3916,URU
3917,ESP
3918,CRO
3919,GER
3920,SWE
3921,ENG
3922,GER
3923,POR
3924,SRB
3925,SUI
3926,SUI
3927,EGY
3928,SWE
3929,POR
3930,POR
3931,NGA
3932,BRA
3933,BRA
3934,POR
3935,DEN
3936,FRA
3937,ESP
3938,GER
3939,CRC
3940,RUS
3941,DEN
3942,BRA
3943,ESP
3944,KOR
3945,POR
3946,POL
3947,SRB
3948,ENG
3949,BRA
3950,ESP
3951,RUS
3952,GER
3953,POR
3954,RUS
3955,BEL
3956,COL
3957,ESP
3958,POL
3959,BRA
3960,GER
3961,POR
3962,GER
3963,POR
3964,IRN
3965,RUS
3966,ENG
3967,ARG
3968,BRA
3969,BRA
3970,POR
3971,CRO
3972,URU
3973,POR
3974,SWE
3975,CRC
3976,ESP
3977,CRC
3978,ENG
3979,SUI
3980,DEN
3981,RUS
3982,CRC
3983,EGY
3984,MEX
3985,GER
3986,FRA
3987,GER
3988,SWE
3989,FRA
3990,SUI
3991,POL
3992,SUI
3993,GER
3994,POR
3995,IRN
3996,ENG
3997,POR
3998,KOR
3999,MEX
4000,ESP
4001,SUI
4002,SWE
4003,SUI
4004,KOR
4005,BRA
4006,RUS
4007,FRA
4008,FRA
4009,POL
4010,SUI
4011,CRO
4012,ESP
4013,GER
4014,POR
4015,CRO
4016,ESP
4017,SUI
4018,CRO
4019,ESP
4020,BRA
4021,SUI
4022,AUS
4023,POR
4024,GER
4025,GER
4026,MEX
4027,POR
4028,PER
4029,POR
4030,RUS
4031,POR
4032,BEL
4033,ARG
4034,POR
4035,ESP
4036,GER
4037,COL
4038,URU
4039,GER
4040,ESP
4041,COL
4042,POR
4043,COL
4044,SRB
4045,POL
4046,MEX
4047,POR
4048,ESP
4049,SUI
4050,SUI
4051,GER
4052,ESP
4053,TUN
4054,CRO
4055,NGA
4056,FRA
4057,POR
4058,BRA
4059,GER
4060,MEX
4061,CRO
4062,GER
4063,POL
4064,MEX
4065,KSA
4066,DEN
4067,POR
4068,URU
4069,POR
4070,ESP
4071,AUS
4072,FRA
4073,POL
4074,SUI
4075,GER
4076,POR
4077,ENG
4078,BRA
4079,FRA
4080,URU
4081,POR
4082,ENG
4083,BRA
4084,URU
4085,GER
4086,POR
4087,FRA
4088,CRO
4089,SUI
4090,ENG
4091,COL
4092,GER
4093,SUI
4094,ARG
4095,GER
4096,ENG
4097,ESP
4098,POR
4099,FRA
4100,ARG
4101,SUI
4102,BRA
4103,ESP
4104,POR
4105,POL
4106,ENG
4107,ENG
4108,ESP
4109,SWE
4110,ENG
4111,GER
4112,POR
4113,RUS
4114,BRA
4115,SUI
4116,DEN
4117,GER
4118,BEL
4119,RUS
4120,BEL
4121,BEL
4122,ENG
4123,RUS
4124,RUS
4125,MEX
4126,ARG
4127,FRA
4128,POR
4129,SWE
4130,BEL
4131,NGA
4132,ISL
4133,RUS
4134,MEX
4135,SWE
4136,ISL
4137,URU
4138,POR
4139,POR
4140,ARG
4141,NGA
4142,ESP
4143,BRA
4144,DEN
4145,POR
4146,SWE
4147,ESP
4148,POR
4149,ENG
4150,ESP
4151,SWE
4152,URU
4153,ESP
4154,POR
4155,RUS
4156,ESP
4157,ISL
4158,ENG
4159,ESP
4160,GER
4161,SRB
4162,POR
4163,DEN
4164,ESP
4165,ARG
4166,ESP
4167,GER
4168,FRA
4169,POR
4170,SUI
4171,MEX
4172,SUI
4173,URU
4174,FRA
4175,GER
4176,MEX
4177,RUS
4178,BRA
4179,SUI
4180,POR
4181,ARG
4182,GER
4183,CRO
4184,CRC
4185,GER
4186,SWE
4187,ENG
4188,ARG
4189,IRN
4190,SUI
4191,SUI
4192,SWE
4193,ESP
4194,ARG
4195,ENG
4196,ESP
4197,POR
4198,RUS
4199,DEN
4200,GER
4201,SWE
4202,SWE
4203,BRA
4204,ESP
4205,POR
4206,ESP
4207,RUS
4208,POR
4209,GER
4210,CRO
4211,BRA
4212,POR
4213,COL
4214,BRA
4215,ESP
4216,BRA
4217,BRA
4218,FRA
4219,BRA
4220,POR
4221,GER
4222,SWE
4223,RUS
4224,GER
4225,ARG
4226,SUI
4227,IRN
4228,BRA
4229,ENG
4230,ENG
4231,BRA
4232,ENG
4233,ESP
4234,GER
4235,POR
4236,POL
4237,POL
4238,GER
4239,GER
4240,BRA
4241,BRA
4242,SUI
4243,SWE
4244,GER
4245,ARG
4246,EGY
4247,BRA
4248,RUS
4249,POR
4250,MEX
4251,BRA
4252,BRA
4253,BRA
4254,ESP
4255,GER
4256,POR
4257,ESP
4258,RUS
4259,BRA
4260,POR
4261,ESP
4262,BRA
4263,DEN
4264,COL
4265,SUI
4266,ENG
4267,POR
4268,ESP
4269,ESP
4270,BRA
4271,ENG
4272,GER
4273,ESP
4274,SEN
4275,ENG
4276,URU
4277,BRA
4278,BRA
4279,BRA
4280,KSA
4281,SRB
4282,NGA
4283,ENG
4284,SRB
4285,CRC
4286,BEL
4287,GER
4288,URU
4289,POR
4290,BEL
4291,ENG
4292,GER
4293,POR
4294,DEN
4295,NGA
4296,SUI
4297,SUI
4298,POR
4299,BRA
4300,POR
4301,SUI
4302,SRB
4303,COL
4304,POR
4305,SUI
4306,FRA
4307,SWE
4308,BEL
4309,ENG
4310,SRB
4311,MEX
4312,POR
4313,ESP
4314,MEX
4315,ESP
4316,RUS
4317,URU
4318,POR
4319,BRA
4320,RUS
4321,AUS
4322,GER
4323,ESP
4324,BEL
4325,ESP
4326,FRA
4327,GER
4328,POR
4329,SUI
4330,CRO
4331,ARG
4332,POR
4333,FRA
4334,ESP
4335,ISL
4336,BRA
4337,BRA
4338,BEL
4339,POR
4340,GER
4341,JPN
4342,ENG
4343,NGA
4344,SUI
4345,SUI
4346,CRC
4347,POR
4348,ENG
4349,FRA
4350,GER
4351,BEL
4352,RUS
4353,AUS
4354,MEX
4355,IRN
4356,FRA
4357,POR
4358,FRA
4359,BRA
4360,CRO
4361,FRA
4362,KSA
4363,POR
4364,SUI
4365,COL
4366,URU
4367,POR
4368,CRO
4369,POR
4370,BRA
4371,GER
4372,SWE
4373,CRO
4374,FRA
4375,GER
4376,POR
4377,GER
4378,FRA
4379,BEL
4380,ENG
4381,POR
4382,SUI
4383,RUS
4384,GER
4385,IRN
4386,POR
4387,SUI
4388,MEX
4389,GER
4390,SRB
4391,COL
4392,ENG
4393,ENG
4394,TUN
4395,RUS
4396,SUI
4397,ESP
4398,NGA
4399,JPN
4400,SUI
4401,BRA
4402,SUI
4403,POR
4404,BRA
4405,SUI
4406,ESP
4407,SWE
4408,POR
4409,POR
4410,ARG
4411,BEL
4412,URU
4413,ARG
4414,POR
4415,RUS
4416,FRA
4417,POR
4418,MEX
4419,MEX
4420,CRO
4421,SWE
4422,BEL
4423,ENG
4424,POR
4425,ENG
4426,IRN
4427,ARG
4428,CRO
4429,IRN
4430,CRO
4431,SUI
4432,SWE
4433,FRA
4434,RUS
4435,RUS
4436,POR
4437,BEL
4438,ESP
4439,POR
4440,GER
4441,SUI
4442,FRA
4443,ENG
4444,MEX
4445,ENG
4446,GER
4447,POR
4448,BRA
4449,CRO
4450,GER
4451,GER
4452,CRC
4453,PAN
4454,SEN
4455,GER
4456,ENG
4457,CRO
4458,RUS
4459,EGY
4460,KOR
4461,GER
4462,RUS
4463,ESP
4464,GER
4465,ARG
4466,GER
4467,DEN
4468,POR
4469,COL
4470,GER
4471,GER
4472,SWE
4473,GER
4474,URU
4475,ARG
4476,GER
4477,SUI
4478,ESP
4479,COL
4480,BEL
4481,ARG
4482,NGA
4483,DEN
4484,GER
4485,ISL
4486,ESP
4487,ENG
4488,ESP
4489,BRA
4490,SRB
4491,FRA
4492,FRA
4493,GER
4494,MEX
4495,SUI
4496,RUS
4497,POR
4498,ESP
4499,GER
4500,CRC
4501,SUI
4502,SWE
4503,ENG
4504,ENG
4505,BRA
4506,ESP
4507,MEX
4508,TUN
4509,FRA
4510,GER
4511,RUS
4512,BRA
4513,GER
4514,GER
4515,RUS
4516,DEN
4517,BRA
4518,GER
4519,SUI
4520,NGA
4521,POR
4522,NGA
4523,NGA
4524,RUS
4525,POR
4526,POR
4527,DEN
4528,NGA
4529,BEL
4530,NGA
4531,POR
4532,BEL
4533,URU
4534,DEN
4535,BRA
4536,ESP
4537,SUI
4538,ISL
4539,SUI
4540,BRA
4541,SRB
4542,BEL
4543,BRA
4544,ESP
4545,SWE
4546,POR
4547,JPN
4548,FRA
4549,BRA
4550,FRA
4551,POR
4552,POR
4553,POR
4554,BEL
4555,ENG
4556,RUS
4557,ENG
4558,RUS
4559,SUI
4560,ENG
4561,GER
4562,BRA
4563,SUI
4564,CRO
4565,ESP
4566,CRO
4567,JPN
4568,COL
4569,POR
4570,BRA
4571,GER
4572,SUI
4573,RUS
4574,GER
4575,DEN
4576,POR
4577,GER
4578,BRA
4579,GER
4580,GER
4581,RUS
4582,SWE
4583,GER
4584,BEL
4585,SRB
4586,BRA
4587,RUS
4588,ARG
4589,SUI
4590,ENG
4591,SRB
4592,RUS
4593,FRA
4594,POR
4595,SUI
4596,GER
4597,POR
4598,GER
4599,ESP
4600,SUI
4601,SRB
4602,ENG
4603,GER
4604,BEL
4605,MEX
4606,GER
4607,BEL
4608,NGA
4609,POR
4610,ENG
4611,SUI
4612,POR
4613,DEN
4614,NGA
4615,MEX
4616,BEL
4617,FRA
4618,POR
4619,BRA
4620,JPN
4621,SUI
4622,RUS
4623,RUS
4624,SWE
4625,RUS
4626,GER
4627,ESP
4628,GER
4629,BRA
4630,GER
4631,RUS
4632,CRO
4633,ESP
4634,ESP
4635,BRA
4636,SRB
4637,POR
4638,URU
4639,FRA
4640,BRA
4641,CRO
4642,GER
4643,ARG
4644,MEX
4645,POR
4646,BEL
4647,CRC
4648,ESP
4649,ARG
4650,CRC
4651,MEX
4652,ESP
4653,ESP
4654,JPN
4655,ENG
4656,POR
4657,POR
4658,ENG
4659,FRA
4660,SUI
4661,NGA
4662,ENG
4663,BRA
4664,ENG
4665,MEX
4666,ESP
4667,COL
4668,SUI
4669,ESP
4670,DEN
4671,BRA
4672,FRA
4673,URU
4674,ENG
4675,DEN
4676,GER
4677,PER
4678,BRA
4679,ENG
4680,POR
4681,FRA
4682,URU
4683,ENG
4684,POR
4685,GER
4686,BEL
4687,POR
4688,FRA
4689,POR
4690,GER
4691,FRA
4692,GER
4693,POR
4694,POR
4695,POR
4696,GER
4697,GER
4698,BRA
4699,SUI
4700,DEN
4701,BEL
4702,ARG
4703,COL
4704,FRA
4705,ARG
4706,FRA
4707,ENG
4708,SUI
4709,IRN
4710,GER
4711,SRB
4712,DEN
4713,ESP
4714,BRA
4715,POR
4716,ESP
4717,FRA
4718,COL
4719,ARG
4720,BEL
4721,SUI
4722,GER
4723,POR
4724,POR
4725,AUS
4726,ARG
4727,FRA
4728,URU
4729,GER
4730,SRB
4731,SUI
4732,ENG
4733,FRA
4734,FRA
4735,ENG
4736,POR
4737,GER
4738,ESP
4739,SWE
4740,POR
4741,ARG
4742,POR
4743,CRO
4744,MEX
4745,ARG
4746,ESP
4747,CRO
4748,RUS
4749,COL
4750,FRA
4751,DEN
4752,COL
4753,SUI
4754,CRC
4755,ARG
4756,RUS
4757,ESP
4758,POR
4759,NGA
4760,GER
4761,BRA
4762,SUI
4763,POR
4764,FRA
4765,POR
4766,POR
4767,ESP
4768,URU
4769,POL
4770,GER
4771,MEX
4772,POR
4773,CRO
4774,BEL
4775,POL
4776,DEN
4777,BEL
4778,ESP
4779,ENG
4780,COL
4781,GER
4782,RUS
4783,ENG
4784,POR
4785,POR
4786,GER
4787,DEN
4788,ESP
4789,MEX
4790,POR
4791,DEN
4792,SUI
4793,CRO
4794,BRA
4795,GER
4796,FRA
4797,SRB
4798,COL
4799,BRA
4800,GER
4801,ENG
4802,POR
4803,SWE
4804,BEL
4805,ESP
4806,JPN
4807,CRO
4808,BRA
4809,SUI
4810,FRA
4811,ESP
4812,POL
4813,POR
4814,POR
4815,GER
4816,SWE
4817,POR
4818,ENG
4819,RUS
4820,DEN
4821,RUS
4822,ESP
4823,GER
4824,FRA
4825,FRA
4826,POR
4827,MEX
4828,MEX
4829,RUS
4830,ENG
4831,POR
4832,NGA
4833,SRB
4834,ESP
4835,NGA
4836,BEL
4837,RUS
4838,NGA
4839,POR
4840,POR
4841,SUI
4842,POR
4843,GER
4844,CRO
4845,ESP
4846,GER
4847,FRA
4848,GER
4849,SUI
4850,JPN
4851,GER
4852,PER
4853,SUI
4854,RUS
4855,POR
4856,POR
4857,RUS
4858,COL
4859,ESP
4860,SUI
4861,NGA
4862,MEX
4863,BRA
4864,ENG
4865,POR
4866,SUI
4867,GER
4868,SUI
4869,SRB
4870,POR
4871,NGA
4872,SUI
4873,AUS
4874,FRA
4875,ISL
4876,GER
4877,SRB
4878,POR
4879,BEL
4880,POR
4881,ARG
4882,BRA
4883,SUI
4884,NGA
4885,ESP
4886,BEL
4887,SUI
4888,GER
4889,ESP
4890,SWE
4891,SUI
4892,BRA
4893,ARG
4894,GER
4895,SRB
4896,ENG
4897,KOR
4898,POR
4899,POR
4900,GER
4901,DEN
4902,SUI
4903,GER
4904,GER
4905,MEX
4906,ENG
4907,FRA
4908,GER
4909,BEL
4910,ARG
4911,BEL
4912,POR
4913,ENG
4914,GER
4915,MEX
4916,ESP
4917,ENG
4918,NGA
4919,POR
4920,RUS
4921,BRA
4922,POR
4923,ESP
4924,POR
4925,ESP
4926,SUI
4927,SWE
4928,BRA
4929,ENG
4930,SWE
4931,GER
4932,COL
4933,POR
4934,POR
4935,SUI
4936,POR
4937,RUS
4938,GER
4939,POL
4940,BEL
4941,SWE
4942,SRB
4943,BEL
4944,POR
4945,GER
4946,BEL
4947,ARG
4948,ARG
4949,BRA
4950,SUI
4951,ESP
4952,BEL
4953,FRA
4954,SUI
4955,BRA
4956,ARG
4957,GER
4958,ENG
4959,RUS
4960,GER
4961,ENG
4962,SUI
4963,POL
4964,POR
4965,POL
4966,BRA
4967,IRN
4968,POR
4969,TUN
4970,BEL
4971,EGY
4972,ARG
4973,GER
4974,GER
4975,BEL
4976,FRA
4977,GER
4978,ARG
4979,ARG
4980,BRA
4981,BRA
4982,GER
4983,CRO
4984,BEL
4985,POR
4986,RUS
4987,POR
4988,DEN
4989,SRB
4990,POR
4991,SUI
4992,SUI
4993,DEN
4994,NGA
4995,GER
4996,DEN
4997,POR
4998,FRA
4999,POR
5000,MEX
5001,GER
5002,SWE
5003,SUI
5004,FRA
5005,MEX
5006,GER
5007,CRO
5008,URU
5009,GER
5010,CRO
5011,DEN
5012,ENG
5013,CRO
5014,ESP
5015,ESP
5016,BRA
5017,ESP
5018,ARG
5019,RUS
5020,JPN
5021,SUI
5022,RUS
5023,BRA
5024,ESP
5025,DEN
5026,POR
5027,POR
5028,POR
5029,POR
5030,SWE
5031,BEL
5032,FRA
5033,BRA
5034,BRA
5035,BEL
5036,SUI
5037,TUN
5038,SUI
5039,MEX
5040,SUI
5041,ENG
5042,RUS
5043,BEL
5044,URU
5045,BRA
5046,POR
5047,RUS
5048,URU
5049,ARG
5050,DEN
5051,MEX
5052,FRA
5053,ENG
5054,BRA
5055,SUI
5056,BEL
5057,FRA
5058,SWE
5059,GER
5060,DEN
5061,SUI
5062,URU
5063,BRA
5064,FRA
5065,ENG
5066,GER
5067,FRA
5068,MEX
5069,GER
5070,DEN
5071,GER
5072,POR
5073,POR
5074,RUS
5075,BRA
5076,SRB
5077,FRA
5078,ESP
5079,DEN
5080,ENG
5081,POR
5082,ENG
5083,ENG
5084,SUI
5085,IRN
5086,ESP
5087,POR
5088,POR
5089,SWE
5090,SRB
5091,GER
5092,ENG
5093,POR
5094,SUI
5095,COL
5096,GER
5097,GER
5098,POR
5099,GER
5100,ENG
5101,POL
5102,URU
5103,DEN
5104,BEL
5105,RUS
5106,GER
5107,ARG
5108,GER
5109,SUI
5110,SRB
5111,GER
5112,POR
5113,CRO
5114,FRA
5115,TUN
5116,SRB
5117,RUS
5118,SRB
5119,ESP
5120,RUS
5121,BRA
5122,ARG
5123,URU
5124,ENG
5125,DEN
5126,ARG
5127,BEL
5128,MEX
5129,IRN
5130,CRO
5131,GER
5132,SRB
5133,GER
5134,ARG
5135,ENG
5136,SUI
5137,ESP
5138,CRO
5139,BRA
5140,GER
5141,ESP
5142,SUI
5143,RUS
5144,POR
5145,SUI
5146,ENG
5147,ENG
5148,NGA
5149,SWE
5150,ESP
5151,BEL
5152,SRB
5153,POR
5154,ENG
5155,BEL
5156,NGA
5157,POR
5158,ESP
5159,RUS
5160,BRA
5161,CRO
5162,MAR
5163,ESP
5164,BRA
5165,FRA
5166,GER
5167,BRA
5168,BEL
5169,SUI
5170,ESP
5171,BRA
5172,GER
5173,GER
5174,NGA
5175,ARG
5176,NGA
5177,ISL
5178,RUS
5179,SWE
5180,CRO
5181,FRA
5182,GER
5183,KOR
5184,DEN
5185,ESP
5186,ENG
5187,BRA
5188,ARG
5189,BEL
5190,ARG
5191,SRB
5192,MEX
5193,GER
5194,RUS
5195,ENG
5196,POR
5197,SUI
5198,FRA
5199,BRA
5200,MEX
5201,CRO
5202,MEX
5203,GER
5204,SUI
5205,EGY
5206,GER
5207,POR
5208,BRA
5209,ENG
5210,POR
5211,FRA
5212,SUI
5213,SWE
5214,BRA
5215,GER
5216,BRA
5217,POR
5218,COL
5219,ARG
5220,DEN
5221,CRO
5222,BRA
5223,RUS
5224,SUI
5225,ENG
5226,RUS
5227,ESP
5228,BRA
5229,BRA
5230,BRA
5231,POR
5232,MEX
5233,FRA
5234,ESP
5235,ENG
5236,POR
5237,ENG
5238,FRA
5239,SRB
5240,ESP
5241,ENG
5242,MEX
5243,BRA
5244,ENG
5245,BRA
5246,DEN
5247,GER
5248,ESP
5249,BEL
5250,RUS
5251,SWE
5252,ENG
5253,SUI
5254,SUI
5255,ESP
5256,ESP
5257,CRC
5258,DEN
5259,POR
5260,SUI
5261,FRA
5262,POR
5263,POR
5264,DEN
5265,SRB
5266,ENG
5267,BEL
5268,POR
5269,COL
5270,ESP
5271,GER
5272,SRB
5273,RUS
5274,SWE
5275,FRA
5276,RUS
5277,POR
5278,ESP
5279,ARG
5280,SUI
5281,GER
5282,SUI
5283,DEN
5284,POR
5285,SUI
5286,GER
5287,POR
5288,DEN
5289,ESP
5290,ARG
5291,POR
5292,SUI
5293,SRB
5294,RUS
5295,GER
5296,SUI
5297,BRA
5298,ESP
5299,ESP
5300,DEN
5301,RUS
5302,ESP
5303,NGA
5304,SUI
5305,SUI
5306,POR
5307,BEL
5308,ENG
5309,ENG
5310,SWE
5311,BRA
5312,GER
5313,ESP
5314,SUI
5315,BRA
5316,POR
5317,SWE
5318,FRA
5319,FRA
5320,GER
5321,RUS
5322,SUI
5323,ESP
5324,ENG
5325,BRA
5326,SUI
5327,POR
5328,ENG
5329,BRA
5330,ESP
5331,ESP
5332,SUI
5333,GER
5334,GER
5335,FRA
5336,SUI
5337,POL
5338,JPN
5339,URU
5340,BRA
5341,GER
5342,RUS
5343,FRA
5344,ESP
5345,SUI
5346,RUS
5347,NGA
5348,ENG
5349,BRA
5350,RUS
5351,CRO
5352,NGA
5353,POR
5354,RUS
5355,ENG
5356,GER
5357,BRA
5358,TUN
5359,RUS
5360,IRN
5361,GER
5362,POR
5363,ISL
5364,BRA
5365,DEN
5366,POR
5367,POR
5368,FRA
5369,POR
5370,POR
5371,SWE
5372,GER
5373,POR
5374,POR
5375,ESP
5376,GER
5377,ARG
5378,GER
5379,POR
5380,GER
5381,ARG
5382,SUI
5383,ESP
5384,DEN
5385,FRA
5386,BRA
5387,GER
5388,AUS
5389,EGY
5390,BEL
5391,FRA
5392,BRA
5393,RUS
5394,BEL
5395,POR
5396,DEN
5397,RUS
5398,GER
5399,FRA
5400,NGA
5401,BEL
5402,SUI
5403,DEN
5404,BRA
5405,ESP
5406,BEL
5407,ENG
5408,CRO
5409,ENG
5410,SWE
5411,ARG
5412,ARG
5413,DEN
5414,ARG
5415,RUS
5416,BEL
5417,ARG
5418,ESP
5419,MAR
5420,POR
5421,ESP
5422,SUI
5423,ENG
5424,GER
5425,URU
5426,GER
5427,SUI
5428,BRA
5429,ESP
5430,BRA
5431,ESP
5432,GER
5433,BEL
5434,JPN
5435,GER
5436,POR
5437,BRA
5438,SUI
5439,ENG
5440,GER
5441,ARG
5442,CRC
5443,URU
5444,JPN
5445,ESP
5446,POR
5447,POR
5448,GER
5449,POR
5450,ENG
5451,POR
5452,ENG
5453,DEN
5454,BEL
5455,FRA
5456,FRA
5457,ARG
5458,ESP
5459,POR
5460,ENG
5461,NGA
5462,SUI
5463,SUI
5464,CRC
5465,ENG
5466,CRO
5467,POR
5468,GER
5469,MAR
5470,POL
5471,SWE
5472,ENG
5473,MEX
5474,POL
5475,EGY
5476,RUS
5477,ESP
5478,BRA
5479,BEL
5480,RUS
5481,IRN
5482,POR
5483,BRA
5484,ESP
5485,GER
5486,NGA
5487,POR
5488,MEX
5489,MEX
5490,CRC
5491,ESP
5492,POR
5493,BRA
5494,BEL
5495,SUI
5496,GER
5497,FRA
5498,GER
5499,GER
5500,ENG
5501,ESP
5502,RUS
5503,POR
5504,FRA
5505,IRN
5506,DEN
5507,GER
5508,RUS
5509,BEL
5510,POR
5511,POR
5512,ESP
5513,GER
5514,SRB
5515,MEX
5516,ARG
5517,POR
5518,JPN
5519,ENG
5520,POR
5521,BEL
5522,GER
5523,SUI
5524,ESP
5525,SWE
5526,SUI
5527,POR
5528,ESP
5529,GER
5530,CRO
5531,RUS
5532,CRO
5533,POR
5534,GER
5535,NGA
5536,BRA
5537,CRC
5538,BEL
5539,GER
5540,ENG
5541,ISL
5542,BRA
5543,GER
5544,FRA
5545,NGA
5546,BRA
5547,RUS
5548,BRA
5549,GER
5550,ENG
5551,COL
5552,POR
5553,FRA
5554,CRO
5555,POR
5556,GER
5557,RUS
5558,POL
5559,ARG
5560,ESP
5561,FRA
5562,GER
5563,DEN
5564,ESP
5565,BRA
5566,BRA
5567,SRB
5568,BRA
5569,ESP
5570,ESP
5571,BRA
5572,POR
5573,NGA
5574,GER
5575,POR
5576,URU
5577,POR
5578,SUI
5579,POR
5580,GER
5581,BEL
5582,TUN
5583,PAN
5584,GER
5585,COL
5586,URU
5587,SUI
5588,ENG
5589,COL
5590,ESP
5591,RUS
5592,ESP
5593,SUI
5594,FRA
5595,GER
5596,RUS
5597,POR
5598,ARG
5599,BEL
5600,SUI
5601,ENG
5602,GER
5603,ESP
5604,GER
5605,BRA
5606,SWE
5607,ESP
5608,BEL
5609,GER
5610,SUI
5611,AUS
5612,BRA
5613,BRA
5614,POR
5615,MEX
5616,BRA
5617,MEX
5618,KOR
5619,FRA
5620,POR
5621,SUI
5622,BRA
5623,BRA
5624,SUI
5625,CRC
5626,SRB
5627,SUI
5628,POR
5629,SUI
5630,BRA
5631,RUS
5632,POR
5633,GER
5634,FRA
5635,COL
5636,NGA
5637,SRB
5638,FRA
5639,FRA
5640,ESP
5641,DEN
5642,POR
5643,ENG
5644,TUN
5645,ESP
5646,POR
5647,FRA
5648,GER
5649,DEN
5650,BRA
5651,POR
5652,POR
5653,BEL
5654,GER
5655,BEL
5656,SWE
5657,GER
5658,BRA
5659,CRO
5660,GER
5661,ESP
5662,RUS
5663,TUN
5664,SUI
5665,GER
5666,ESP
5667,ESP
5668,ESP
5669,BRA
5670,GER
5671,KOR
5672,BRA
5673,ENG
5674,GER
5675,BRA
5676,RUS
5677,SUI
5678,MEX
5679,FRA
5680,FRA
5681,GER
5682,FRA
5683,ESP
5684,BRA
5685,ENG
5686,POR
5687,ESP
5688,GER
5689,ARG
5690,ESP
5691,POR
5692,SUI
5693,NGA
5694,COL
5695,SUI
5696,SUI
5697,RUS
5698,RUS
5699,ESP
5700,SRB
5701,POR
5702,SWE
5703,SUI
5704,GER
5705,POR
5706,SUI
5707,SUI
5708,BRA
5709,MEX
5710,DEN
5711,BEL
5712,ARG
5713,BRA
5714,ENG
5715,ARG
5716,NGA
5717,BRA
5718,SUI
5719,POR
5720,RUS
5721,NGA
5722,RUS
5723,ENG
5724,POR
5725,MEX
5726,FRA
5727,ARG
5728,RUS
5729,RUS
5730,EGY
5731,SWE
5732,DEN
5733,BEL
5734,BRA
5735,POR
5736,SUI
5737,NGA
5738,GER
5739,POR
5740,COL
5741,MAR
5742,POR
5743,POR
5744,POR
5745,BRA
5746,SRB
5747,ARG
5748,POR
5749,BEL
5750,SUI
5751,ENG
5752,SUI
5753,SUI
5754,ENG
5755,POL
5756,FRA
5757,SRB
5758,SUI
5759,POR
5760,IRN
5761,POR
5762,URU
5763,FRA
5764,URU
5765,DEN
5766,POR
5767,GER
5768,ARG
5769,SWE
5770,MEX
5771,ESP
5772,RUS
5773,ESP
5774,GER
5775,CRO
5776,SRB
5777,ARG
5778,BEL
5779,SUI
5780,GER
5781,POR
5782,DEN
5783,POR
5784,SUI
5785,MEX
5786,ESP
5787,GER
5788,FRA
5789,GER
5790,CRO
5791,SUI
5792,ENG
5793,ESP
5794,ENG
5795,DEN
5796,GER
5797,POR
5798,BRA
5799,BRA
5800,SUI
5801,POR
5802,POR
5803,CRO
5804,BRA
5805,POR
5806,FRA
5807,ESP
5808,ESP
5809,PER
5810,POR
5811,CRC
5812,POR
5813,ARG
5814,RUS
5815,ARG
5816,FRA
5817,GER
5818,GER
5819,GER
5820,GER
5821,ARG
5822,GER
5823,POR
5824,RUS
5825,GER
5826,SUI
5827,ESP
5828,GER
5829,FRA
5830,IRN
5831,FRA
5832,GER
5833,ESP
5834,POR
5835,POR
5836,ENG
5837,GER
5838,GER
5839,ESP
5840,GER
5841,POR
5842,ESP
5843,GER
5844,BEL
5845,ENG
5846,RUS
5847,SWE
5848,POR
5849,POR
5850,BRA
5851,DEN
5852,BEL
5853,GER
5854,COL
5855,BEL
5856,FRA
5857,GER
5858,POR
5859,FRA
5860,ARG
5861,ENG
5862,POR
5863,GER
5864,PER
5865,ESP
5866,COL
5867,RUS
5868,FRA
5869,BRA
5870,CRC
5871,ESP
5872,PER
5873,RUS
5874,GER
5875,SRB
5876,CRO
5877,KOR
5878,POR
5879,GER
5880,POR
5881,GER
5882,POR
5883,SUI
5884,ARG
5885,FRA
5886,GER
5887,ARG
5888,GER
5889,FRA
5890,SRB
5891,SRB
5892,POR
5893,POR
5894,SRB
5895,FRA
5896,FRA
5897,ESP
5898,POR
5899,ENG
5900,NGA
5901,POR
5902,MEX
5903,ENG
5904,SWE
5905,ENG
5906,SUI
5907,CRO
5908,BEL
5909,BRA
5910,GER
5911,BRA
5912,BRA
5913,GER
5914,GER
5915,SUI
5916,SUI
5917,GER
5918,SWE
5919,FRA
5920,MEX
5921,NGA
5922,SUI
5923,POL
5924,ESP
5925,NGA
5926,URU
5927,FRA
5928,ENG
5929,ESP
5930,COL
5931,CRC
5932,GER
5933,GER
5934,BRA
5935,ARG
5936,SUI
5937,GER
5938,AUS
5939,BRA
5940,ESP
5941,POR
5942,POR
5943,SUI
5944,ENG
5945,COL
5946,GER
5947,POR
5948,FRA
5949,GER
5950,JPN
5951,ESP
5952,ESP
5953,FRA
5954,ENG
5955,GER
5956,GER
5957,POR
5958,NGA
5959,RUS
5960,ESP
5961,ARG
5962,RUS
5963,KOR
5964,BEL
5965,ISL
5966,ESP
5967,BRA
5968,ARG
5969,GER
5970,GER
5971,BEL
5972,PER
5973,ENG
5974,FRA
5975,GER
5976,BRA
5977,FRA
5978,ARG
5979,GER
5980,SUI
5981,SUI
5982,EGY
5983,ESP
5984,BEL
5985,URU
5986,FRA
5987,JPN
5988,ESP
5989,NGA
5990,GER
5991,SUI
5992,JPN
5993,POR
5994,BRA
5995,GER
5996,POR
5997,MEX
5998,GER
5999,SWE
6000,RUS
6001,CRO
6002,ENG
6003,SUI
6004,JPN
6005,RUS
6006,GER
6007,FRA
6008,COL
6009,SUI
6010,DEN
6011,POR
6012,MEX
6013,ENG
6014,POL
6015,ARG
6016,POR
6017,ESP
6018,BRA
6019,GER
6020,ESP
6021,GER
6022,BRA
6023,RUS
6024,ESP
6025,DEN
6026,GER
6027,ESP
6028,SWE
6029,ENG
6030,BRA
6031,SUI
6032,BRA
6033,SRB
6034,POR
6035,RUS
6036,SUI
6037,ENG
6038,BRA
6039,RUS
6040,SUI
6041,DEN
6042,SUI
6043,BRA
6044,POR
6045,ENG
6046,CRO
6047,GER
6048,ARG
6049,SUI
6050,GER
6051,GER
6052,BEL
6053,ESP
6054,CRO
6055,BEL
6056,GER
6057,JPN
6058,JPN
6059,ESP
6060,BRA
6061,ISL
6062,RUS
6063,FRA
6064,CRO
6065,COL
6066,BEL
6067,ESP
6068,ENG
6069,GER
6070,PER
6071,POR
6072,GER
6073,COL
6074,SUI
6075,POR
6076,ENG
6077,BRA
6078,GER
6079,GER
6080,FRA
6081,RUS
6082,ESP
6083,ENG
6084,SUI
6085,RUS
6086,COL
6087,POR
6088,CRC
6089,SUI
6090,ARG
6091,CRO
6092,DEN
6093,ARG
6094,MEX
6095,GER
6096,SRB
6097,SUI
6098,BEL
6099,ARG
6100,POR
6101,ARG
6102,ENG
6103,GER
6104,GER
6105,GER
6106,ENG
6107,ARG
6108,RUS
6109,POR
6110,ESP
6111,GER
6112,BEL
6113,RUS
6114,GER
6115,GER
6116,BRA
6117,GER
6118,SWE
6119,MEX
6120,SUI
6121,SUI
6122,SUI
6123,SUI
6124,POR
6125,POR
6126,SWE
6127,ARG
6128,BEL
6129,SUI
6130,URU
6131,BRA
6132,SUI
6133,GER
6134,NGA
6135,POR
6136,GER
6137,FRA
6138,SRB
6139,KSA
6140,EGY
6141,ESP
6142,ESP
6143,GER
6144,BEL
6145,BEL
6146,ESP
6147,GER
6148,RUS
6149,BRA
6150,POR
6151,POR
6152,BEL
6153,ENG
6154,ARG
6155,MEX
6156,POR
6157,POR
6158,ISL
6159,FRA
6160,NGA
6161,URU
6162,ESP
6163,ESP
6164,TUN
6165,BEL
6166,GER
6167,BRA
6168,SUI
6169,CRO
6170,GER
6171,ESP
6172,BRA
6173,FRA
6174,BRA
6175,SWE
6176,DEN
6177,BRA
6178,BRA
6179,POR
6180,BRA
6181,GER
6182,BEL
6183,ESP
6184,SUI
6185,POR
6186,TUN
6187,FRA
6188,MEX
6189,MEX
6190,DEN
6191,ARG
6192,ARG
6193,GER
6194,ENG
6195,BRA
6196,ENG
6197,MEX
6198,ENG
6199,BEL
6200,SWE
6201,CRO
6202,ESP
6203,BRA
6204,BRA
6205,POR
6206,DEN
6207,KOR
6208,ESP
6209,GER
6210,GER
6211,GER
6212,GER
6213,BRA
6214,POR
6215,POR
6216,ESP
6217,MEX
6218,POR
6219,ARG
6220,GER
6221,GER
6222,POR
6223,ENG
6224,BRA
6225,POR
6226,POR
6227,ENG
6228,ENG
6229,BRA
6230,ESP
6231,MEX
6232,ESP
6233,ENG
6234,ESP
6235,ARG
6236,BRA
6237,GER
6238,BRA
6239,GER
6240,FRA
6241,GER
6242,GER
6243,FRA
6244,ENG
6245,RUS
6246,BRA
6247,ESP
6248,DEN
6249,ESP
6250,SUI
6251,POR
6252,SUI
6253,BRA
6254,POR
6255,SUI
6256,MEX
6257,NGA
6258,MEX
6259,CRO
6260,IRN
6261,BRA
6262,GER
6263,GER
6264,RUS
6265,COL
6266,BRA
6267,POR
6268,BRA
6269,BEL
6270,POR
6271,DEN
6272,MEX
6273,BEL
6274,FRA
6275,ENG
6276,RUS
6277,POR
6278,CRO
6279,COL
6280,ENG
6281,POR
6282,NGA
6283,ESP
6284,NGA
6285,BEL
6286,SUI
6287,POR
6288,SRB
6289,BRA
6290,ESP
6291,BRA
6292,ESP
6293,ARG
6294,GER
6295,POR
6296,COL
6297,ESP
6298,ARG
6299,POR
6300,FRA
6301,GER
6302,GER
6303,NGA
6304,FRA
6305,GER
6306,ESP
6307,CRC
6308,BEL
6309,DEN
6310,BRA
6311,FRA
6312,BRA
6313,BRA
6314,ENG
6315,BRA
6316,BRA
6317,ESP
6318,BRA
6319,ENG
6320,CRO
6321,ENG
6322,GER
6323,ESP
6324,BRA
6325,ESP
6326,ESP
6327,POR
6328,POR
6329,ESP
6330,GER
6331,GER
6332,POR
6333,GER
6334,NGA
6335,POR
6336,GER
6337,FRA
6338,GER
6339,SUI
6340,BRA
6341,ESP
6342,BEL
6343,GER
6344,BRA
6345,GER
6346,CRO
6347,POR
6348,ARG
6349,ISL
6350,POR
6351,FRA
6352,ESP
6353,GER
6354,SUI
6355,RUS
6356,IRN
6357,ARG
6358,ENG
6359,BEL
6360,POR
6361,RUS
6362,CRC
6363,POR
6364,SUI
6365,GER
6366,SWE
6367,ESP
6368,ESP
6369,ESP
6370,GER
6371,URU
6372,POR
6373,GER
6374,DEN
6375,ARG
6376,IRN
6377,SUI
6378,BEL
6379,ENG
6380,RUS
6381,SWE
6382,POR
6383,GER
6384,POR
6385,POL
6386,ARG
6387,GER
6388,SRB
6389,BEL
6390,BRA
6391,GER
6392,BRA
6393,RUS
6394,CRC
6395,IRN
6396,SWE
6397,ESP
6398,FRA
6399,DEN
6400,GER
6401,POR
6402,POR
6403,FRA
6404,ENG
6405,POR
6406,ENG
6407,SRB
6408,FRA
6409,ESP
6410,ESP
6411,FRA
6412,FRA
6413,GER
6414,NGA
6415,ENG
6416,FRA
6417,SWE
6418,CRO
6419,ESP
6420,SUI
6421,ENG
6422,GER
6423,MEX
6424,ESP
6425,GER
6426,RUS
6427,GER
6428,POR
6429,BRA
6430,CRO
6431,ENG
6432,MEX
6433,ENG
6434,BEL
6435,COL
6436,ESP
6437,FRA
6438,SUI
6439,POR
6440,FRA
6441,ESP
6442,ENG
6443,ESP
6444,POR
6445,RUS
6446,NGA
6447,BRA
6448,CRO
6449,URU
6450,RUS
6451,CRO
6452,BRA
6453,SWE
6454,POR
6455,FRA
6456,ESP
6457,POR
6458,GER
6459,POR
6460,IRN
6461,SUI
6462,BRA
6463,ENG
6464,MEX
6465,FRA
6466,ESP
6467,FRA
6468,DEN
6469,ESP
6470,POR
6471,RUS
6472,BRA
6473,COL
6474,POR
6475,POR
6476,JPN
6477,ENG
6478,RUS
6479,SUI
6480,ESP
6481,POR
6482,FRA
6483,BRA
6484,RUS
6485,MEX
6486,POR
6487,ESP
6488,BRA
6489,BRA
6490,ENG
6491,ESP
6492,BRA
6493,GER
6494,GER
6495,ENG
6496,BRA
6497,IRN
6498,POR
6499,BRA
6500,SUI
6501,GER
6502,BRA
6503,POR
6504,BRA
6505,ESP
6506,RUS
6507,SUI
6508,GER
6509,GER
6510,GER
6511,BEL
6512,DEN
6513,SWE
6514,SWE
6515,GER
6516,ARG
6517,BRA
6518,POR
6519,CRO
6520,BRA
6521,ESP
6522,MEX
6523,BRA
6524,BEL
6525,ENG
6526,FRA
6527,ARG
6528,GER
6529,BEL
6530,NGA
6531,POR
6532,BRA
6533,ENG
6534,ISL
6535,ARG
6536,PER
6537,POR
6538,POR
6539,CRO
6540,BRA
6541,ENG
6542,BRA
6543,DEN
6544,POL
6545,SWE
6546,GER
6547,IRN
6548,GER
6549,BRA
6550,POR
6551,BEL
6552,BRA
6553,BEL
6554,DEN
6555,SUI
6556,NGA
6557,POR
6558,POR
6559,FRA
6560,POR
6561,NGA
6562,IRN
6563,JPN
6564,GER
6565,ENG
6566,ENG
6567,FRA
6568,ESP
6569,GER
6570,SUI
6571,BEL
6572,GER
6573,BRA
6574,GER
6575,EGY
6576,SUI
6577,POR
6578,BRA
6579,ESP
6580,ESP
6581,POR
6582,BEL
6583,ESP
6584,BEL
6585,BRA
6586,IRN
6587,GER
6588,MAR
6589,KOR
6590,RUS
6591,SUI
6592,ESP
6593,RUS
6594,POL
6595,POR
6596,BRA
6597,ESP
6598,RUS
6599,CRC
6600,BEL
6601,SUI
6602,SWE
6603,CRC
6604,GER
6605,SUI
6606,POR
6607,POR
6608,CRO
6609,SUI
6610,RUS
6611,POR
6612,FRA
6613,GER
6614,SUI
6615,SRB
6616,GER
6617,POR
6618,CRO
6619,FRA
6620,ARG
6621,SWE
6622,ENG
6623,BRA
6624,CRC
6625,COL
6626,ENG
6627,CRO
6628,SUI
6629,GER
6630,ENG
6631,POR
6632,ESP
6633,MEX
6634,ARG
6635,GER
6636,URU
6637,MEX
6638,GER
6639,POR
6640,MEX
6641,ENG
6642,GER
6643,SWE
6644,GER
6645,POR
6646,MEX
6647,GER
6648,ENG
6649,SWE
6650,ENG
6651,FRA
6652,POR
6653,POR
6654,RUS
6655,GER
6656,ENG
6657,POR
6658,GER
6659,URU
6660,BRA
6661,SUI
6662,POR
6663,URU
6664,BRA
6665,GER
6666,FRA
6667,GER
6668,ESP
6669,SUI
6670,ESP
6671,CRO
6672,ESP
6673,DEN
6674,ESP
6675,GER
6676,GER
6677,COL
6678,ESP
6679,MEX
6680,MEX
6681,ARG
6682,ESP
6683,BRA
6684,FRA
6685,GER
6686,SUI
6687,FRA
6688,ARG
6689,GER
6690,ESP
6691,GER
6692,ARG
6693,DEN
6694,ESP
6695,NGA
6696,POR
6697,POR
6698,GER
6699,GER
6700,SRB
6701,ENG
6702,BRA
6703,BEL
6704,ESP
6705,IRN
6706,BRA
6707,NGA
6708,CRO
6709,GER
6710,RUS
6711,GER
6712,ESP
6713,COL
6714,KOR
6715,POR
6716,FRA
6717,RUS
6718,BRA
6719,ENG
6720,BRA
6721,BRA
6722,GER
6723,RUS
6724,JPN
6725,ENG
6726,POR
6727,GER
6728,BRA
6729,FRA
6730,SUI
6731,GER
6732,BRA
6733,DEN
6734,ESP
6735,BEL
6736,JPN
6737,ARG
6738,ESP
6739,RUS
6740,CRC
6741,ENG
6742,MEX
6743,SUI
6744,ENG
6745,SUI
6746,FRA
6747,SUI
6748,RUS
6749,SWE
6750,POR
6751,SUI
6752,ESP
6753,FRA
6754,GER
6755,ENG
6756,ESP
6757,ENG
6758,SUI
6759,SUI
6760,GER
6761,ESP
6762,RUS
6763,POR
6764,FRA
6765,GER
6766,GER
6767,SUI
6768,DEN
6769,POR
6770,GER
6771,BRA
6772,CRO
6773,POR
6774,ESP
6775,GER
6776,POL
6777,BRA
6778,ENG
6779,GER
6780,CRO
6781,JPN
6782,SUI
6783,SUI
6784,POR
6785,GER
6786,ESP
6787,ESP
6788,TUN
6789,MEX
6790,CRO
6791,GER
6792,ESP
6793,GER
6794,ESP
6795,BEL
6796,GER
6797,SUI
6798,ESP
6799,ESP
6800,BRA
6801,ENG
6802,ARG
6803,CRC
6804,SUI
6805,ENG
6806,FRA
6807,ENG
6808,ENG
6809,SUI
6810,ESP
6811,GER
6812,GER
6813,ENG
6814,ESP
6815,FRA
6816,RUS
6817,MEX
6818,POR
6819,GER
6820,BRA
6821,ENG
6822,BRA
6823,SRB
6824,BRA
6825,POR
6826,PER
6827,CRC
6828,BRA
6829,ARG
6830,POR
6831,ESP
6832,GER
6833,GER
6834,POR
6835,POR
6836,ARG
6837,ESP
6838,SUI
6839,FRA
6840,POR
6841,ARG
6842,BRA
6843,GER
6844,GER
6845,ARG
6846,SUI
6847,RUS
6848,POR
6849,GER
6850,GER
6851,IRN
6852,SUI
6853,FRA
6854,NGA
6855,ARG
6856,ENG
6857,NGA
6858,COL
6859,GER
6860,GER
6861,POR
6862,ARG
6863,GER
6864,SRB
6865,ESP
6866,BRA
6867,SWE
6868,CRC
6869,POR
6870,RUS
6871,RUS
6872,GER
6873,SUI
6874,MEX
6875,ENG
6876,BRA
6877,SUI
6878,COL
6879,RUS
6880,COL
6881,POR
6882,ESP
6883,POR
6884,SUI
6885,SWE
6886,GER
6887,RUS
6888,ENG
6889,SUI
6890,GER
6891,RUS
6892,FRA
6893,BRA
6894,ENG
6895,POR
6896,BRA
6897,ESP
6898,COL
6899,ESP
6900,SWE
6901,POR
6902,GER
6903,FRA
6904,BRA
6905,SUI
6906,POR
6907,POR
6908,COL
6909,CRC
6910,GER
6911,BRA
6912,SRB
6913,ESP
6914,RUS
6915,GER
6916,POR
6917,MEX
6918,IRN
6919,ENG
6920,GER
6921,CRC
6922,POR
6923,GER
6924,ESP
6925,ENG
6926,FRA
6927,BRA
6928,GER
6929,PAN
6930,ESP
6931,BRA
6932,BRA
6933,IRN
6934,ESP
6935,ENG
6936,COL
6937,RUS
6938,RUS
6939,SRB
6940,POR
6941,URU
6942,SUI
6943,BRA
6944,ENG
6945,ENG
6946,SUI
6947,BRA
6948,BEL
6949,BRA
6950,ENG
6951,ARG
6952,ENG
6953,ARG
6954,IRN
6955,ENG
6956,ESP
6957,FRA
6958,GER
6959,ARG
6960,NGA
6961,POR
6962,ESP
6963,FRA
6964,ARG
6965,FRA
6966,POR
6967,ESP
6968,SRB
6969,BRA
6970,ENG
6971,GER
6972,GER
6973,ESP
6974,FRA
6975,POR
6976,ESP
6977,GER
6978,POR
6979,SEN
6980,SWE
6981,BRA
6982,POR
6983,POR
6984,SUI
6985,GER
6986,ARG
6987,URU
6988,GER
6989,KOR
6990,FRA
6991,GER
6992,GER
6993,RUS
6994,BRA
6995,POR
6996,POR
6997,MEX
6998,POR
6999,DEN
7000,SRB
7001,GER
7002,RUS
7003,FRA
7004,POR
7005,ENG
7006,SUI
7007,MEX
7008,POR
7009,SUI
7010,SRB
7011,POR
7012,POR
7013,RUS
7014,MEX
7015,FRA
7016,DEN
7017,CRO
7018,SUI
7019,ENG
7020,GER
7021,GER
7022,POR
7023,SRB
7024,ARG
7025,SUI
7026,GER
7027,ESP
7028,POR
7029,ESP
7030,ESP
7031,GER
7032,MEX
7033,BRA
7034,ENG
7035,SUI
7036,ESP
7037,POR
7038,ISL
7039,ESP
7040,COL
7041,FRA
7042,DEN
7043,ENG
7044,BRA
7045,ESP
7046,DEN
7047,DEN
7048,GER
7049,BRA
7050,BRA
7051,SUI
7052,POL
7053,FRA
7054,BRA
7055,BRA
7056,SRB
7057,SUI
7058,POR
7059,FRA
7060,RUS
7061,RUS
7062,GER
7063,BEL
7064,ESP
7065,GER
7066,POR
7067,SWE
7068,FRA
7069,FRA
7070,ESP
7071,BRA
7072,SUI
7073,ENG
7074,POR
7075,POR
7076,SUI
7077,SWE
7078,MEX
7079,GER
7080,FRA
7081,RUS
7082,ARG
7083,ESP
7084,SUI
7085,BRA
7086,JPN
7087,CRC
7088,SWE
7089,ENG
7090,POR
7091,ENG
7092,BRA
7093,SRB
7094,ARG
7095,ENG
7096,URU
7097,GER
7098,FRA
7099,URU
7100,GER
7101,BEL
7102,ARG
7103,SUI
7104,IRN
7105,GER
7106,SUI
7107,DEN
7108,ENG
7109,GER
7110,GER
7111,POR
7112,GER
7113,BRA
7114,GER
7115,POR
7116,ESP
7117,URU
7118,POR
7119,ESP
7120,JPN
7121,TUN
7122,ESP
7123,ENG
7124,SUI
7125,ENG
7126,GER
7127,POR
7128,BEL
7129,SUI
7130,FRA
7131,BRA
7132,ESP
7133,GER
7134,ESP
7135,SWE
7136,POR
7137,POR
7138,BRA
7139,ENG
7140,FRA
7141,BRA
7142,SWE
7143,SRB
7144,BRA
7145,ESP
7146,TUN
7147,MEX
7148,SUI
7149,BRA
7150,BRA
7151,ESP
7152,SUI
7153,BRA
7154,POR
7155,ESP
7156,FRA
7157,RUS
7158,POR
7159,SUI
7160,COL
7161,SUI
7162,GER
7163,POR
7164,DEN
7165,URU
7166,DEN
7167,POR
7168,ESP
7169,ENG
7170,BRA
7171,SWE
7172,SUI
7173,BRA
7174,FRA
7175,SRB
7176,BEL
7177,POR
7178,SUI
7179,SWE
7180,BRA
7181,GER
7182,ESP
7183,POR
7184,ESP
7185,BEL
7186,GER
7187,BEL
7188,GER
7189,GER
7190,NGA
7191,CRO
7192,RUS
7193,MEX
7194,BRA
7195,ESP
7196,ARG
7197,ENG
7198,BRA
7199,URU
7200,ENG
7201,SWE
7202,ENG
7203,GER
7204,RUS
7205,CRO
7206,ENG
7207,SUI
7208,BRA
7209,ENG
7210,ESP
7211,SUI
7212,CRO
7213,NGA
7214,RUS
7215,RUS
7216,FRA
7217,GER
7218,GER
7219,POR
7220,CRC
7221,POR
7222,ESP
7223,POR
7224,ESP
7225,DEN
7226,RUS
7227,RUS
7228,FRA
7229,RUS
7230,POR
7231,GER
7232,BRA
7233,SUI
7234,KOR
7235,POR
7236,POR
7237,RUS
7238,BRA
7239,ISL
7240,DEN
7241,ESP
7242,BRA
7243,ESP
7244,RUS
7245,BRA
7246,POR
7247,BRA
7248,SWE
7249,ARG
7250,ENG
7251,POR
7252,ESP
7253,ENG
7254,BEL
7255,JPN
7256,RUS
7257,ESP
7258,GER
7259,ENG
7260,FRA
7261,URU
7262,POR
7263,ENG
7264,ESP
7265,URU
7266,IRN
7267,BRA
7268,SWE
7269,BRA
7270,BEL
7271,POR
7272,POR
7273,MEX
7274,MEX
7275,SWE
7276,ESP
7277,SUI
7278,ESP
7279,MEX
7280,URU
7281,SUI
7282,ESP
7283,GER
7284,BEL
7285,GER
7286,GER
7287,DEN
7288,EGY
7289,ENG
7290,ISL
7291,SWE
7292,COL
7293,POL
7294,RUS
7295,SUI
7296,BRA
7297,POR
7298,BEL
7299,DEN
7300,NGA
7301,RUS
7302,SUI
7303,FRA
7304,CRO
7305,SWE
7306,POL
7307,GER
7308,BEL
7309,GER
7310,SUI
7311,ENG
7312,BRA
7313,BRA
7314,ESP
7315,POR
7316,POR
7317,GER
7318,URU
7319,COL
7320,ENG
7321,FRA
7322,RUS
7323,GER
7324,ESP
7325,POR
7326,NGA
7327,AUS
7328,CRC
7329,BRA
7330,FRA
7331,POR
7332,GER
7333,GER
7334,BEL
7335,POR
7336,BRA
7337,POR
7338,BEL
7339,CRO
7340,NGA
7341,ISL
7342,URU
7343,BRA
7344,FRA
7345,ESP
7346,DEN
7347,ESP
7348,FRA
7349,MEX
7350,TUN
7351,BEL
7352,POR
7353,GER
7354,ARG
7355,FRA
7356,ENG
7357,POR
7358,IRN
7359,POR
7360,DEN
7361,ARG
7362,FRA
7363,ENG
7364,ESP
7365,MEX
7366,POR
7367,GER
7368,BEL
7369,MEX
7370,POR
7371,FRA
7372,FRA
7373,COL
7374,ENG
7375,POR
7376,COL
7377,POR
7378,ISL
7379,MEX
7380,DEN
7381,CRO
7382,POR
7383,CRO
7384,ENG
7385,MEX
7386,POR
7387,BEL
7388,ARG
7389,POR
7390,POR
7391,BRA
7392,POR
7393,RUS
7394,BRA
7395,FRA
7396,GER
7397,ESP
7398,GER
7399,ESP
7400,MAR
7401,RUS
7402,MEX
7403,FRA
7404,URU
7405,FRA
7406,GER
7407,SUI
7408,MEX
7409,NGA
7410,SWE
7411,ESP
7412,COL
7413,ENG
7414,ESP
7415,BRA
7416,ENG
7417,DEN
7418,BEL
7419,CRO
7420,GER
7421,FRA
7422,GER
7423,GER
7424,GER
7425,BRA
7426,GER
7427,ESP
7428,ESP
7429,FRA
7430,POR
7431,ENG
7432,ESP
7433,ENG
7434,POR
7435,GER
7436,NGA
7437,ENG
7438,POR
7439,URU
7440,IRN
7441,SUI
7442,SRB
7443,BRA
7444,ESP
7445,CRO
7446,ENG
7447,BRA
7448,POR
7449,COL
7450,GER
7451,ARG
7452,BEL
7453,JPN
7454,BEL
7455,RUS
7456,POR
7457,ENG
7458,GER
7459,ESP
7460,ARG
7461,POR
7462,ENG
7463,GER
7464,SUI
7465,SUI
7466,POR
7467,PER
7468,SRB
7469,ENG
7470,ESP
7471,DEN
7472,GER
7473,FRA
7474,GER
7475,GER
7476,FRA
7477,ESP
7478,BRA
7479,RUS
7480,SWE
7481,CRO
7482,BRA
7483,POR
7484,DEN
7485,GER
7486,SWE
7487,GER
7488,POL
7489,CRC
7490,POR
7491,MEX
7492,BRA
7493,FRA
7494,SRB
7495,CRO
7496,POR
7497,SUI
7498,BRA
7499,RUS
7500,DEN
7501,BRA
7502,ENG
7503,ESP
7504,ENG
7505,EGY
7506,BRA
7507,POR
7508,BRA
7509,ARG
7510,SUI
7511,ENG
7512,MEX
7513,POR
7514,GER
7515,GER
7516,GER
7517,CRO
7518,SWE
7519,TUN
7520,COL
7521,GER
7522,ARG
7523,ESP
7524,FRA
7525,SWE
7526,ENG
7527,MEX
7528,GER
7529,BEL
7530,POR
7531,GER
7532,SUI
7533,BEL
7534,CRO
7535,SWE
7536,RUS
7537,DEN
7538,COL
7539,POR
7540,SUI
7541,ENG
7542,ESP
7543,POR
7544,SUI
7545,CRO
7546,POR
7547,SWE
7548,GER
7549,POR
7550,SEN
7551,ESP
7552,ENG
7553,POR
7554,ESP
7555,ESP
7556,POR
7557,BRA
7558,POL
7559,GER
7560,SWE
7561,AUS
7562,GER
7563,BRA
7564,ESP
7565,BRA
7566,POR
7567,POR
7568,ESP
7569,ESP
7570,URU
7571,CRO
7572,FRA
7573,GER
7574,IRN
7575,KOR
7576,SRB
7577,ENG
7578,ESP
7579,ESP
7580,BRA
7581,BRA
7582,ESP
7583,GER
7584,SUI
7585,BEL
7586,BEL
7587,GER
7588,GER
7589,ESP
7590,SUI
7591,ENG
7592,BRA
7593,SRB
7594,CRO
7595,POR
7596,ENG
7597,BRA
7598,BRA
7599,ESP
7600,CRC
7601,FRA
7602,SUI
7603,IRN
7604,BRA
7605,COL
7606,ESP
7607,POR
7608,POR
7609,GER
7610,FRA
7611,BRA
7612,ENG
7613,GER
7614,SRB
7615,FRA
7616,BRA
7617,SRB
7618,SRB
7619,RUS
7620,FRA
7621,PER
7622,BEL
7623,FRA
7624,RUS
7625,POR
7626,FRA
7627,MEX
7628,URU
7629,BRA
7630,RUS
7631,ESP
7632,BEL
7633,RUS
7634,ESP
7635,MEX
7636,FRA
7637,ESP
7638,POR
7639,FRA
7640,BRA
7641,ARG
7642,RUS
7643,ENG
7644,SUI
7645,POR
7646,SWE
7647,BRA
7648,GER
7649,ESP
7650,GER
7651,SWE
7652,SUI
7653,URU
7654,BRA
7655,POR
7656,POR
7657,POR
7658,BEL
7659,ENG
7660,GER
7661,ESP
7662,URU
7663,BRA
7664,FRA
7665,SUI
7666,FRA
7667,ENG
7668,POR
7669,ENG
7670,RUS
7671,BRA
7672,ISL
7673,SRB
7674,SUI
7675,ARG
7676,FRA
7677,MEX
7678,BEL
7679,POR
7680,ARG
7681,DEN
7682,SUI
7683,ARG
7684,GER
7685,ESP
7686,GER
7687,BRA
7688,BRA
7689,DEN
7690,POR
7691,BRA
7692,NGA
7693,POR
7694,GER
7695,FRA
7696,POR
7697,KOR
7698,SWE
7699,RUS
7700,SUI
7701,NGA
7702,SWE
7703,RUS
7704,ENG
7705,BEL
7706,GER
7707,BRA
7708,SRB
7709,GER
7710,ENG
7711,POR
7712,TUN
7713,ESP
7714,SUI
7715,GER
7716,POR
7717,IRN
7718,RUS
7719,MEX
7720,POR
7721,SUI
7722,FRA
7723,CRO
7724,SRB
7725,ESP
7726,ESP
7727,DEN
7728,POR
7729,GER
7730,SWE
7731,ESP
7732,RUS
7733,ESP
7734,GER
7735,ESP
7736,SRB
7737,BRA
7738,GER
7739,SUI
7740,POR
7741,POR
7742,SRB
7743,FRA
7744,JPN
7745,GER
7746,COL
7747,POR
7748,ENG
7749,POR
7750,GER
7751,COL
7752,SUI
7753,RUS
7754,FRA
7755,RUS
7756,GER
7757,GER
7758,GER
7759,SWE
7760,MEX
7761,BRA
7762,POR
7763,SUI
7764,SRB
7765,MEX
7766,CRC
7767,GER
7768,ESP
7769,EGY
7770,BEL
7771,CRO
7772,ENG
7773,ENG
7774,AUS
7775,GER
7776,ENG
7777,ENG
7778,FRA
7779,ENG
7780,SUI
7781,POR
7782,GER
7783,DEN
7784,CRO
7785,ENG
7786,ESP
7787,ENG
7788,SRB
7789,COL
7790,ARG
7791,MEX
7792,ENG
7793,POR
7794,BRA
7795,DEN
7796,POR
7797,BRA
7798,AUS
7799,BEL
7800,RUS
7801,GER
7802,GER
7803,GER
7804,POR
7805,FRA
7806,FRA
7807,POL
7808,ARG
7809,ENG
7810,BRA
7811,SUI
7812,SUI
7813,FRA
7814,BEL
7815,POR
7816,SWE
7817,EGY
7818,MEX
7819,GER
7820,ESP
7821,ESP
7822,BRA
7823,SUI
7824,ENG
7825,POR
7826,JPN
7827,BRA
7828,POR
7829,SUI
7830,SRB
7831,DEN
7832,ENG
7833,ENG
7834,ESP
7835,BRA
7836,ESP
7837,JPN
7838,FRA
7839,ENG
7840,ARG
7841,BEL
7842,SUI
7843,MEX
7844,BRA
7845,POR
7846,GER
7847,POR
7848,POR
7849,ESP
7850,ENG
7851,BRA
7852,POR
7853,GER
7854,ENG
7855,BRA
7856,ARG
7857,POR
7858,SRB
7859,SRB
7860,FRA
7861,ESP
7862,SRB
7863,CRO
7864,RUS
7865,RUS
7866,FRA
7867,POL
7868,ESP
7869,GER
7870,ARG
7871,DEN
7872,BRA
7873,BRA
7874,ARG
7875,POR
7876,DEN
7877,BEL
7878,GER
7879,SUI
7880,POR
7881,CRC
7882,BEL
7883,BRA
7884,GER
7885,GER
7886,DEN
7887,ESP
7888,SUI
7889,RUS
7890,SWE
7891,ESP
7892,POR
7893,COL
7894,ENG
7895,ESP
7896,BRA
7897,GER
7898,GER
7899,BRA
7900,MEX
7901,DEN
7902,NGA
7903,BEL
7904,BRA
7905,POR
7906,JPN
7907,URU
7908,ENG
7909,POR
7910,BRA
7911,ARG
7912,GER
7913,RUS
7914,POR
7915,ESP
7916,ESP
7917,SUI
7918,GER
7919,BRA
7920,FRA
7921,BRA
7922,FRA
7923,BRA
7924,GER
7925,ESP
7926,CRO
7927,NGA
7928,SEN
7929,SUI
7930,ARG
7931,ESP
7932,POR
7933,SUI
7934,ARG
7935,SUI
7936,SUI
7937,SUI
7938,POR
7939,POR
7940,ENG
7941,ESP
7942,POR
7943,SUI
7944,BRA
7945,POL
7946,SUI
7947,GER
7948,CRO
7949,GER
7950,GER
7951,POR
7952,BRA
7953,POR
7954,FRA
7955,CRO
7956,POR
7957,CRO
7958,ENG
7959,BRA
7960,URU
7961,ESP
7962,BRA
7963,GER
7964,POR
7965,BRA
7966,SWE
7967,COL
7968,ENG
7969,GER
7970,SRB
7971,DEN
7972,ESP
7973,ENG
7974,DEN
7975,BEL
7976,GER
7977,GER
7978,SUI
7979,GER
7980,POR
7981,POR
7982,ESP
7983,GER
7984,ENG
7985,MEX
7986,GER
7987,POR
7988,POR
7989,POR
7990,POR
7991,GER
7992,SUI
7993,SUI
7994,GER
7995,POR
7996,GER
7997,BRA
7998,GER
7999,RUS
8000,ARG
8001,CRC
8002,FRA
8003,RUS
8004,DEN
8005,ESP
8006,FRA
8007,SRB
8008,BEL
8009,POR
8010,POR
8011,FRA
8012,DEN
8013,GER
8014,ENG
8015,SWE
8016,BRA
8017,SUI
8018,JPN
8019,MEX
8020,ENG
8021,MEX
8022,POR
8023,SUI
8024,FRA
8025,POR
8026,ESP
8027,MEX
8028,PER
8029,POR
8030,GER
8031,GER
8032,POR
8033,ESP
8034,GER
8035,RUS
8036,RUS
8037,BRA
8038,GER
8039,BRA
8040,POR
8041,SUI
8042,POR
8043,MAR
8044,FRA
8045,BRA
8046,TUN
8047,POR
8048,BRA
8049,BRA
8050,SUI
8051,BRA
8052,BEL
8053,GER
8054,ARG
8055,POR
8056,ESP
8057,FRA
8058,BEL
8059,FRA
8060,ENG
8061,BEL
8062,FRA
8063,SUI
8064,BRA
8065,ARG
8066,MEX
8067,IRN
8068,JPN
8069,SWE
8070,GER
8071,FRA
8072,ENG
8073,SUI
8074,POR
8075,ISL
8076,ESP
8077,TUN
8078,POR
8079,BEL
8080,GER
8081,RUS
8082,SUI
8083,COL
8084,ESP
8085,SRB
8086,URU
8087,ARG
8088,BRA
8089,POR
8090,BRA
8091,ESP
8092,POR
8093,POR
8094,JPN
8095,ARG
8096,SWE
8097,SUI
8098,RUS
8099,ENG
8100,BEL
8101,SUI
8102,BEL
8103,CRC
8104,POR
8105,SRB
8106,POR
8107,FRA
8108,SUI
8109,RUS
8110,GER
8111,ARG
8112,POR
8113,SRB
8114,RUS
8115,RUS
8116,SUI
8117,GER
8118,CRO
8119,FRA
8120,GER
8121,ESP
8122,FRA
8123,BEL
8124,BRA
8125,RUS
8126,DEN
8127,SUI
8128,SUI
8129,POR
8130,RUS
8131,GER
8132,BRA
8133,PER
8134,ARG
8135,CRO
8136,BEL
8137,POR
8138,GER
8139,BEL
8140,SRB
8141,POR
8142,ENG
8143,FRA
8144,GER
8145,PER
8146,SWE
8147,SRB
8148,FRA
8149,POR
8150,KOR
8151,ENG
8152,POR
8153,SUI
8154,POR
8155,POR
8156,ENG
8157,DEN
8158,COL
8159,NGA
8160,FRA
8161,GER
8162,MEX
8163,RUS
8164,ENG
8165,ENG
8166,BRA
8167,BRA
8168,POL
8169,BEL
8170,IRN
8171,SUI
8172,SWE
8173,RUS
8174,COL
8175,CRO
8176,GER
8177,FRA
8178,ESP
8179,MEX
8180,POL
8181,AUS
8182,RUS
8183,BRA
8184,FRA
8185,GER
8186,BRA
8187,CRO
8188,POR
8189,BRA
8190,URU
8191,DEN
8192,ESP
8193,MEX
8194,FRA
8195,POR
8196,NGA
8197,POR
8198,GER
8199,POR
8200,GER
8201,RUS
8202,ESP
8203,ENG
8204,SRB
8205,ESP
8206,SUI
8207,DEN
8208,POR
8209,SUI
8210,RUS
8211,FRA
8212,ESP
8213,SWE
8214,EGY
8215,SWE
8216,GER
8217,GER
8218,ARG
8219,MEX
8220,GER
8221,POR
8222,EGY
8223,FRA
8224,POR
8225,GER
8226,SWE
8227,POR
8228,ESP
8229,POR
8230,MEX
8231,MEX
8232,PER
8233,URU
8234,POR
8235,FRA
8236,RUS
8237,SWE
8238,ESP
8239,ENG
8240,ESP
8241,GER
8242,ESP
8243,JPN
8244,COL
8245,EGY
8246,BRA
8247,GER
8248,ENG
8249,GER
8250,BRA
8251,POR
8252,SUI
8253,FRA
8254,POR
8255,CRO
8256,POR
8257,BRA
8258,POR
8259,GER
8260,GER
8261,POR
8262,ESP
8263,ESP
8264,SUI
8265,SUI
8266,POL
8267,ARG
8268,DEN
8269,GER
8270,BRA
8271,POL
8272,FRA
8273,SEN
8274,POR
8275,GER
8276,SWE
8277,ESP
8278,AUS
8279,SUI
8280,COL
8281,ESP
8282,GER
8283,GER
8284,BRA
8285,BRA
8286,SRB
8287,SWE
8288,RUS
8289,ESP
8290,ESP
8291,BEL
8292,BRA
8293,SUI
8294,FRA
8295,SWE
8296,BEL
8297,GER
8298,BRA
8299,BRA
8300,GER
8301,ESP
8302,ENG
8303,DEN
8304,ESP
8305,BEL
8306,BRA
8307,ARG
8308,ESP
8309,POR
8310,BRA
8311,GER
8312,ESP
8313,POR
8314,RUS
8315,POR
8316,GER
8317,ESP
8318,SWE
8319,POR
8320,ESP
8321,ENG
8322,JPN
8323,POR
8324,ENG
8325,BEL
8326,SUI
8327,EGY
8328,ISL
8329,POR
8330,ESP
8331,ENG
8332,FRA
8333,POR
8334,TUN
8335,ENG
8336,ESP
8337,NGA
8338,POR
8339,URU
8340,RUS
8341,ESP
8342,GER
8343,ESP
8344,ESP
8345,SUI
8346,BRA
8347,SUI
8348,CRO
8349,ESP
8350,BEL
8351,GER
8352,ENG
8353,FRA
8354,FRA
8355,ESP
8356,GER
8357,ESP
8358,ESP
8359,GER
8360,FRA
8361,FRA
8362,ARG
8363,ARG
8364,POL
8365,ESP
8366,POR
8367,BEL
8368,BRA
8369,IRN
8370,MEX
8371,GER
8372,MEX
8373,POR
8374,POR
8375,CRO
8376,CRO
8377,SUI
8378,POR
8379,IRN
8380,ESP
8381,POR
8382,POR
8383,GER
8384,SRB
8385,GER
8386,GER
8387,KOR
8388,ARG
8389,CRO
8390,IRN
8391,RUS
8392,JPN
8393,POR
8394,BRA
8395,GER
8396,MEX
8397,DEN
8398,FRA
8399,GER
8400,GER
8401,COL
8402,IRN
8403,ESP
8404,FRA
8405,FRA
8406,CRO
8407,CRO
8408,SWE
8409,BRA
8410,ARG
8411,GER
8412,GER
8413,POR
8414,GER
8415,FRA
8416,POL
8417,URU
8418,BRA
8419,CRO
8420,ENG
8421,SRB
8422,GER
8423,GER
8424,FRA
8425,ENG
8426,POR
8427,FRA
8428,SUI
8429,BEL
8430,POR
8431,NGA
8432,SRB
8433,SRB
8434,RUS
8435,FRA
8436,RUS
8437,POL
8438,URU
8439,ESP
8440,POR
8441,POR
8442,SUI
8443,POR
8444,COL
8445,ENG
8446,MEX
8447,ESP
8448,GER
8449,POR
8450,BRA
8451,ENG
8452,ESP
8453,BRA
8454,GER
8455,ENG
8456,DEN
8457,POR
8458,CRO
8459,POR
8460,FRA
8461,GER
8462,ESP
8463,SUI
8464,SUI
8465,POR
8466,BEL
8467,POR
8468,ENG
8469,ARG
8470,BRA
8471,SUI
8472,POR
8473,ARG
8474,SUI
8475,ARG
8476,BEL
8477,ARG
8478,POR
8479,GER
8480,SWE
8481,SUI
8482,BRA
8483,ESP
8484,POR
8485,BRA
8486,RUS
8487,BRA
8488,FRA
8489,POR
8490,POR
8491,POR
8492,ENG
8493,ESP
8494,SWE
8495,GER
8496,ENG
8497,DEN
8498,SUI
8499,BRA
8500,FRA
8501,SUI
8502,SUI
8503,POR
8504,MEX
8505,GER
8506,GER
8507,COL
8508,SRB
8509,POR
8510,CRO
8511,IRN
8512,ENG
8513,POR
8514,MEX
8515,GER
8516,BRA
8517,GER
8518,KOR
8519,SRB
8520,POR
8521,SUI
8522,NGA
8523,FRA
8524,RUS
8525,POR
8526,CRO
8527,ENG
8528,POL
8529,BRA
8530,CRO
8531,JPN
8532,GER
8533,BEL
8534,POR
8535,DEN
8536,RUS
8537,POR
8538,BRA
8539,GER
8540,BEL
8541,BRA
8542,SRB
8543,ENG
8544,SRB
8545,URU
8546,ESP
8547,ENG
8548,SUI
8549,GER
8550,SRB
8551,POR
8552,SUI
8553,POR
8554,POR
8555,URU
8556,POR
8557,CRO
8558,GER
8559,GER
8560,DEN
8561,POL
8562,SWE
8563,GER
8564,POR
8565,ENG
8566,ESP
8567,ESP
8568,ARG
8569,ESP
8570,SUI
8571,GER
8572,BEL
8573,GER
8574,POR
8575,ARG
8576,URU
8577,BRA
8578,POR
8579,ESP
8580,RUS
8581,SUI
8582,GER
8583,ARG
8584,GER
8585,SUI
8586,ENG
8587,ESP
8588,JPN
8589,ENG
8590,MEX
8591,IRN
8592,IRN
8593,BRA
8594,SUI
8595,RUS
8596,ENG
8597,SRB
8598,ENG
8599,MEX
8600,BRA
8601,FRA
8602,BRA
8603,GER
8604,DEN
8605,CRO
8606,ESP
8607,SEN
8608,BRA
8609,IRN
8610,ESP
8611,ESP
8612,IRN
8613,ENG
8614,POR
8615,FRA
8616,RUS
8617,POR
8618,ARG
8619,GER
8620,COL
8621,ISL
8622,ENG
8623,RUS
8624,ENG
8625,BRA
8626,POR
8627,RUS
8628,GER
8629,FRA
8630,FRA
8631,BRA
8632,NGA
8633,POR
8634,SUI
8635,GER
8636,POL
8637,POR
8638,SUI
8639,ENG
8640,DEN
8641,FRA
8642,GER
8643,POR
8644,BRA
8645,SUI
8646,ENG
8647,AUS
8648,ESP
8649,MEX
8650,IRN
8651,POR
8652,POR
8653,MEX
8654,SRB
8655,CRO
8656,RUS
8657,ENG
8658,SUI
8659,BEL
8660,ESP
8661,GER
8662,POR
8663,URU
8664,RUS
8665,CRO
8666,DEN
8667,POR
8668,BRA
8669,POL
8670,BEL
8671,GER
8672,GER
8673,MEX
8674,GER
8675,BRA
8676,GER
8677,POR
8678,SUI
8679,FRA
8680,POR
8681,FRA
8682,ARG
8683,GER
8684,POR
8685,POR
8686,IRN
8687,POR
8688,POR
8689,DEN
8690,SWE
8691,SUI
8692,SWE
8693,BRA
8694,MEX
8695,GER
8696,BEL
8697,GER
8698,SRB
8699,POR
8700,KSA
8701,IRN
8702,SWE
8703,RUS
8704,COL
8705,SUI
8706,SUI
8707,DEN
8708,SUI
8709,CRC
8710,ARG
8711,POR
8712,GER
8713,KOR
8714,SRB
8715,GER
8716,SUI
8717,COL
8718,CRO
8719,SUI
8720,FRA
8721,GER
8722,BRA
8723,POR
8724,RUS
8725,CRO
8726,CRO
8727,BRA
8728,POR
8729,SRB
8730,SWE
8731,KOR
8732,ESP
8733,ENG
8734,BRA
8735,SUI
8736,CRO
8737,BRA
8738,RUS
8739,POR
8740,BRA
8741,GER
8742,POR
8743,SUI
8744,BRA
8745,JPN
8746,URU
8747,POR
8748,POR
8749,GER
8750,SUI
8751,POR
8752,ARG
8753,SUI
8754,MEX
8755,COL
8756,POR
8757,BRA
8758,DEN
8759,FRA
8760,ENG
8761,POR
8762,DEN
8763,TUN
8764,GER
8765,NGA
8766,POR
8767,BEL
8768,COL
8769,BEL
8770,BRA
8771,RUS
8772,GER
8773,SUI
8774,GER
8775,POR
8776,POR
8777,ENG
8778,BEL
8779,ENG
8780,POR
8781,BRA
8782,NGA
8783,POR
8784,RUS
8785,JPN
8786,ENG
8787,POR
8788,GER
8789,COL
8790,GER
8791,GER
8792,MEX
8793,BEL
8794,NGA
8795,COL
8796,SUI
8797,SUI
8798,BRA
8799,GER
8800,NGA
8801,GER
8802,FRA
8803,NGA
8804,BRA
8805,ARG
8806,SWE
8807,GER
8808,RUS
8809,BRA
8810,CRO
8811,SUI
8812,SWE
8813,BRA
8814,GER
8815,SRB
8816,GER
8817,CRO
8818,DEN
8819,POR
8820,FRA
8821,ESP
8822,SRB
8823,MEX
8824,GER
8825,MEX
8826,JPN
8827,ARG
8828,CRO
8829,DEN
8830,RUS
8831,FRA
8832,CRO
8833,DEN
8834,ESP
8835,FRA
8836,ESP
8837,SWE
8838,POR
8839,MEX
8840,BRA
8841,SRB
8842,POR
8843,EGY
8844,DEN
8845,GER
8846,ARG
8847,BEL
8848,GER
8849,POR
8850,POR
8851,MEX
8852,COL
8853,POR
8854,BRA
8855,POR
8856,SWE
8857,MEX
8858,FRA
8859,POR
8860,POR
8861,ARG
8862,BRA
8863,SWE
8864,COL
8865,CRC
8866,BRA
8867,JPN
8868,GER
8869,POR
8870,ESP
8871,DEN
8872,MEX
8873,SUI
8874,SUI
8875,ARG
8876,GER
8877,GER
8878,AUS
8879,POR
8880,CRC
8881,FRA
8882,GER
8883,BRA
8884,DEN
8885,SUI
8886,GER
8887,GER
8888,MEX
8889,ESP
8890,ARG
8891,ARG
8892,BRA
8893,POR
8894,SWE
8895,BEL
8896,ESP
8897,FRA
8898,IRN
8899,MEX
8900,GER
8901,MEX
8902,CRO
8903,DEN
8904,JPN
8905,GER
8906,DEN
8907,SUI
8908,BRA
8909,CRC
8910,GER
8911,DEN
8912,MEX
8913,POR
8914,ARG
8915,POR
8916,GER
8917,GER
8918,POR
8919,MEX
8920,ESP
8921,SRB
8922,GER
8923,FRA
8924,ESP
8925,BRA
8926,POR
8927,POR
8928,SUI
8929,MEX
8930,SUI
8931,FRA
8932,POR
8933,ESP
8934,BRA
8935,DEN
8936,ARG
8937,ENG
8938,ENG
8939,CRO
8940,JPN
8941,BRA
8942,ESP
8943,COL
8944,BRA
8945,FRA
8946,GER
8947,COL
8948,NGA
8949,BRA
8950,BRA
8951,POR
8952,GER
8953,POR
8954,RUS
8955,POR
8956,SUI
8957,CRO
8958,BRA
8959,NGA
8960,CRO
8961,COL
8962,BEL
8963,POL
8964,SWE
8965,GER
8966,ENG
8967,NGA
8968,SUI
8969,ESP
8970,BRA
8971,POR
8972,GER
8973,BRA
8974,POR
8975,BRA
8976,ESP
8977,GER
8978,GER
8979,PER
8980,BRA
8981,GER
8982,MEX
8983,BRA
8984,CRC
8985,ESP
8986,POR
8987,RUS
8988,GER
8989,BEL
8990,BEL
8991,SUI
8992,POR
8993,SUI
8994,GER
8995,ENG
8996,DEN
8997,POR
8998,ARG
8999,RUS
9000,RUS
9001,BRA
9002,BRA
9003,RUS
9004,POR
9005,ENG
9006,BRA
9007,MEX
9008,FRA
9009,ENG
9010,BRA
9011,ENG
9012,RUS
9013,DEN
9014,SUI
9015,POR
9016,SUI
9017,SRB
9018,PER
9019,ESP
9020,MEX
9021,RUS
9022,POR
9023,GER
9024,SRB
9025,GER
9026,SUI
9027,NGA
9028,ENG
9029,ARG
9030,DEN
9031,SWE
9032,ESP
9033,BRA
9034,SRB
9035,POR
9036,IRN
9037,FRA
9038,GER
9039,ENG
9040,POR
9041,ESP
9042,EGY
9043,POR
9044,SRB
9045,RUS
9046,ARG
9047,DEN
9048,POR
9049,GER
9050,POR
9051,SUI
9052,BRA
9053,COL
9054,BRA
9055,DEN
9056,BEL
9057,GER
9058,DEN
9059,GER
9060,CRO
9061,SRB
9062,IRN
9063,BRA
9064,SUI
9065,SWE
9066,ISL
9067,BRA
9068,POR
9069,MEX
9070,MEX
9071,ENG
9072,ESP
9073,CRO
9074,GER
9075,FRA
9076,BRA
9077,GER
9078,COL
9079,ENG
9080,BRA
9081,RUS
9082,BEL
9083,POR
9084,FRA
9085,SUI
9086,ENG
9087,ESP
9088,ENG
9089,GER
9090,SWE
9091,BRA
9092,RUS
9093,BRA
9094,BRA
9095,CRC
9096,BRA
9097,POR
9098,ESP
9099,POR
9100,SUI
9101,SRB
9102,BEL
9103,FRA
9104,POR
9105,AUS
9106,BRA
9107,ESP
9108,IRN
9109,SUI
9110,GER
9111,BEL
9112,SUI
9113,SUI
9114,CRO
9115,JPN
9116,GER
9117,BRA
9118,POR
9119,SUI
9120,ESP
9121,ARG
9122,GER
9123,POL
9124,GER
9125,ENG
9126,ARG
9127,ESP
9128,ENG
9129,ESP
9130,KOR
9131,ENG
9132,ENG
9133,SUI
9134,BRA
9135,GER
9136,BRA
9137,FRA
9138,ESP
9139,POR
9140,BRA
9141,POR
9142,POR
9143,SRB
9144,DEN
9145,SUI
9146,BRA
9147,URU
9148,NGA
9149,SWE
9150,COL
9151,DEN
9152,SUI
9153,ESP
9154,ARG
9155,BRA
9156,POR
9157,BRA
9158,BRA
9159,SRB
9160,GER
9161,SUI
9162,ARG
9163,ARG
9164,CRO
9165,POR
9166,ESP
9167,POL
9168,URU
9169,ENG
9170,ARG
9171,SUI
9172,GER
9173,GER
9174,ARG
9175,ESP
9176,FRA
9177,POR
9178,BRA
9179,SWE
9180,BRA
9181,POR
9182,FRA
9183,SWE
9184,POR
9185,ESP
9186,NGA
9187,ESP
9188,ENG
9189,ENG
9190,ESP
9191,FRA
9192,URU
9193,GER
9194,ENG
9195,ESP
9196,POR
9197,SUI
9198,ENG
9199,POR
9200,NGA
9201,COL
9202,BRA
9203,COL
9204,CRC
9205,BRA
9206,POR
9207,NGA
9208,BRA
9209,ENG
9210,NGA
9211,POR
9212,FRA
9213,BRA
9214,FRA
9215,IRN
9216,BRA
9217,FRA
9218,BRA
9219,BEL
9220,ESP
9221,POR
9222,SUI
9223,BEL
9224,RUS
9225,FRA
9226,GER
9227,ENG
9228,BEL
9229,ENG
9230,BEL
9231,JPN
9232,SUI
9233,ENG
9234,POR
9235,ESP
9236,FRA
9237,SUI
9238,ARG
9239,FRA
9240,POR
9241,SUI
9242,BEL
9243,ENG
9244,GER
9245,GER
9246,SRB
9247,TUN
9248,ENG
9249,RUS
9250,GER
9251,GER
9252,SUI
9253,RUS
9254,DEN
9255,ESP
9256,POR
9257,SRB
9258,RUS
9259,GER
9260,SRB
9261,POR
9262,POR
9263,GER
9264,POR
9265,CRO
9266,ARG
9267,POR
9268,ARG
9269,NGA
9270,SUI
9271,ARG
9272,SUI
9273,SUI
9274,GER
9275,FRA
9276,RUS
9277,POR
9278,GER
9279,COL
9280,ENG
9281,SUI
9282,POR
9283,SRB
9284,BRA
9285,ESP
9286,FRA
9287,BEL
9288,ENG
9289,POL
9290,GER
9291,SWE
9292,NGA
9293,NGA
9294,GER
9295,ESP
9296,ESP
9297,POR
9298,SUI
9299,ESP
9300,ARG
9301,MEX
9302,GER
9303,GER
9304,BRA
9305,ENG
9306,POR
9307,SRB
9308,GER
9309,DEN
9310,ESP
9311,FRA
9312,ESP
9313,ARG
9314,ISL
9315,POR
9316,BEL
9317,BEL
9318,ESP
9319,ENG
9320,SUI
9321,ENG
9322,GER
9323,POR
9324,KOR
9325,GER
9326,GER
9327,FRA
9328,GER
9329,GER
9330,RUS
9331,POR
9332,BRA
9333,FRA
9334,SRB
9335,BRA
9336,SUI
9337,AUS
9338,MEX
9339,GER
9340,BEL
9341,FRA
9342,ARG
9343,SUI
9344,POR
9345,RUS
9346,CRO
9347,POR
9348,SWE
9349,SUI
9350,ESP
9351,ESP
9352,POR
9353,MEX
9354,GER
9355,BRA
9356,NGA
9357,POR
9358,SUI
9359,BEL
9360,ARG
9361,RUS
9362,FRA
9363,BRA
9364,ESP
9365,SRB
9366,NGA
9367,SUI
9368,POR
9369,POR
9370,MEX
9371,SUI
9372,FRA
9373,GER
9374,MEX
9375,SUI
9376,POR
9377,POR
9378,BRA
9379,RUS
9380,GER
9381,GER
9382,DEN
9383,POR
9384,GER
9385,FRA
9386,CRO
9387,EGY
9388,POR
9389,ENG
9390,BRA
9391,POR
9392,FRA
9393,GER
9394,FRA
9395,BRA
9396,DEN
9397,BEL
9398,FRA
9399,POL
9400,BRA
9401,ESP
9402,POR
9403,FRA
9404,CRC
9405,BEL
9406,DEN
9407,NGA
9408,RUS
9409,RUS
9410,BRA
9411,COL
9412,RUS
9413,POR
9414,EGY
9415,ENG
9416,FRA
9417,POR
9418,FRA
9419,ARG
9420,BRA
9421,SUI
9422,POR
9423,ENG
9424,FRA
9425,SRB
9426,SUI
9427,IRN
9428,SWE
9429,GER
9430,ESP
9431,POL
9432,POR
9433,POR
9434,CRC
9435,BEL
9436,SWE
9437,RUS
9438,CRO
9439,SEN
9440,GER
9441,BEL
9442,JPN
9443,SRB
9444,FRA
9445,SUI
9446,FRA
9447,POR
9448,POR
9449,ARG
9450,SUI
9451,COL
9452,GER
9453,ENG
9454,RUS
9455,FRA
9456,SUI
9457,ENG
9458,POR
9459,BEL
9460,DEN
9461,POR
9462,CRO
9463,ARG
9464,POR
9465,SUI
9466,CRO
9467,ESP
9468,ENG
9469,ESP
9470,GER
9471,RUS
9472,POR
9473,ESP
9474,COL
9475,FRA
9476,SUI
9477,POR
9478,BRA
9479,BRA
9480,SUI
9481,CRC
9482,FRA
9483,POR
9484,BRA
9485,SUI
9486,GER
9487,ARG
9488,POR
9489,SUI
9490,SRB
9491,ESP
9492,POR
9493,ARG
9494,DEN
9495,GER
9496,SWE
9497,URU
9498,NGA
9499,BRA
9500,ESP
9501,JPN
9502,POR
9503,ESP
9504,ESP
9505,URU
9506,ESP
9507,URU
9508,BRA
9509,MEX
9510,POR
9511,CRO
9512,ENG
9513,ESP
9514,RUS
9515,SUI
9516,SUI
9517,SUI
9518,FRA
9519,ESP
9520,FRA
9521,GER
9522,FRA
9523,JPN
9524,SWE
9525,BEL
9526,GER
9527,SUI
9528,ESP
9529,SUI
9530,GER
9531,CRC
9532,ENG
9533,CRC
9534,DEN
9535,ENG
9536,KOR
9537,GER
9538,COL
9539,ENG
9540,GER
9541,RUS
9542,ESP
9543,BRA
9544,NGA
9545,POR
9546,SWE
9547,POR
9548,ESP
9549,ENG
9550,FRA
9551,IRN
9552,GER
9553,ESP
9554,RUS
9555,BRA
9556,SWE
9557,GER
9558,POR
9559,BEL
9560,FRA
9561,POR
9562,BEL
9563,SWE
9564,ESP
9565,ENG
9566,ARG
9567,SUI
9568,ENG
9569,GER
9570,URU
9571,DEN
9572,FRA
9573,BRA
9574,GER
9575,TUN
9576,POR
9577,ENG
9578,GER
9579,ESP
9580,BEL
9581,GER
9582,BRA
9583,GER
9584,ARG
9585,BRA
9586,KOR
9587,POR
9588,GER
9589,BEL
9590,NGA
9591,ESP
9592,GER
9593,DEN
9594,RUS
9595,POR
9596,POR
9597,SUI
9598,GER
9599,ESP
9600,CRO
9601,BEL
9602,RUS
9603,BRA
9604,GER
9605,BEL
9606,GER
9607,SRB
9608,POR
9609,POR
9610,SUI
9611,GER
9612,GER
9613,SUI
9614,ESP
9615,GER
9616,RUS
9617,GER
9618,KOR
9619,POR
9620,RUS
9621,DEN
9622,BEL
9623,POR
9624,SEN
9625,FRA
9626,POR
9627,SWE
9628,POR
9629,COL
9630,GER
9631,ENG
9632,CRC
9633,ARG
9634,URU
9635,GER
9636,ESP
9637,CRO
9638,SUI
9639,FRA
9640,ESP
9641,POR
9642,BEL
9643,BEL
9644,ESP
9645,BEL
9646,KOR
9647,SUI
9648,ESP
9649,MEX
9650,DEN
9651,GER
9652,GER
9653,FRA
9654,ESP
9655,CRO
9656,POR
9657,BRA
9658,MAR
9659,ENG
9660,URU
9661,COL
9662,POR
9663,GER
9664,CRO
9665,ENG
9666,SUI
9667,SUI
9668,SRB
9669,BEL
9670,FRA
9671,DEN
9672,ESP
9673,POR
9674,AUS
9675,GER
9676,GER
9677,SUI
9678,SUI
9679,ESP
9680,RUS
9681,BRA
9682,GER
9683,COL
9684,FRA
9685,POR
9686,ESP
9687,GER
9688,SUI
9689,PER
9690,POR
9691,POR
9692,BRA
9693,KOR
9694,MEX
9695,JPN
9696,POR
9697,ARG
9698,POR
9699,NGA
9700,SUI
9701,FRA
9702,ARG
9703,COL
9704,SUI
9705,SWE
9706,POR
9707,ESP
9708,ARG
9709,ENG
9710,RUS
9711,POR
9712,SUI
9713,RUS
9714,SUI
9715,IRN
9716,BRA
9717,SWE
9718,BRA
9719,SUI
9720,BRA
9721,SUI
9722,CRO
9723,POL
9724,GER
9725,SUI
9726,BEL
9727,EGY
9728,ENG
9729,BRA
9730,BRA
9731,BEL
9732,SUI
9733,SWE
9734,ARG
9735,SUI
9736,ESP
9737,COL
9738,POR
9739,GER
9740,NGA
9741,POR
9742,POR
9743,MEX
9744,BRA
9745,FRA
9746,POR
9747,POL
9748,BRA
9749,COL
9750,EGY
9751,POR
9752,BRA
9753,FRA
9754,POR
9755,FRA
9756,FRA
9757,SUI
9758,ESP
9759,POR
9760,DEN
9761,BEL
9762,GER
9763,PER
9764,GER
9765,CRO
9766,BRA
9767,SEN
9768,ESP
9769,GER
9770,BRA
9771,GER
9772,SWE
9773,ESP
9774,POR
9775,ARG
9776,RUS
9777,ENG
9778,GER
9779,ESP
9780,ESP
9781,ESP
9782,IRN
9783,GER
9784,RUS
9785,CRO
9786,GER
9787,SUI
9788,ISL
9789,POR
9790,SRB
9791,SUI
9792,ESP
9793,RUS
9794,IRN
9795,FRA
9796,BEL
9797,ESP
9798,NGA
9799,RUS
9800,RUS
9801,BRA
9802,DEN
9803,JPN
9804,ESP
9805,GER
9806,GER
9807,COL
9808,POR
9809,SUI
9810,ESP
9811,ENG
9812,ENG
9813,GER
9814,GER
9815,BRA
9816,GER
9817,ARG
9818,BEL
9819,ESP
9820,MEX
9821,BEL
9822,SWE
9823,GER
9824,GER
9825,ENG
9826,BRA
9827,BRA
9828,POL
9829,ARG
9830,CRO
9831,ESP
9832,POR
9833,GER
9834,POR
9835,ESP
9836,BRA
9837,POR
9838,SUI
9839,SUI
9840,FRA
9841,ESP
9842,POR
9843,ENG
9844,BEL
9845,IRN
9846,ENG
9847,SUI
9848,SUI
9849,PAN
9850,ENG
9851,ARG
9852,ESP
9853,SWE
9854,POR
9855,ESP
9856,BRA
9857,DEN
9858,DEN
9859,GER
9860,ESP
9861,GER
9862,POR
9863,SUI
9864,ENG
9865,GER
9866,BRA
9867,BRA
9868,POR
9869,POR
9870,ARG
9871,SUI
9872,GER
9873,POR
9874,BRA
9875,FRA
9876,SUI
9877,BRA
9878,BRA
9879,KOR
9880,DEN
9881,FRA
9882,SWE
9883,EGY
9884,ESP
9885,SUI
9886,ENG
9887,POR
9888,POR
9889,BEL
9890,ESP
9891,GER
9892,GER
9893,SRB
9894,DEN
9895,ARG
9896,GER
9897,BRA
9898,RUS
9899,BEL
9900,GER
9901,BEL
9902,GER
9903,ENG
9904,FRA
9905,BEL
9906,COL
9907,GER
9908,SWE
9909,POR
9910,FRA
9911,POR
9912,POL
9913,FRA
9914,FRA
9915,POR
9916,ARG
9917,GER
9918,BEL
9919,ESP
9920,ARG
9921,BEL
9922,CRO
9923,POR
9924,POR
9925,FRA
9926,ESP
9927,TUN
9928,ARG
9929,BRA
9930,BRA
9931,BEL
9932,SUI
9933,CRO
9934,BRA
9935,FRA
9936,ENG
9937,POR
9938,POL
9939,NGA
9940,GER
9941,BRA
9942,ENG
9943,SUI
9944,GER
9945,ESP
9946,SUI
9947,BRA
9948,ESP
9949,BEL
9950,CRO
9951,NGA
9952,POR
9953,BRA
9954,ESP
9955,ENG
9956,GER
9957,ENG
9958,RUS
9959,RUS
9960,ENG
9961,GER
9962,GER
9963,RUS
9964,GER
9965,FRA
9966,ARG
9967,NGA
9968,SRB
9969,POR
9970,URU
9971,GER
9972,URU
9973,FRA
9974,MEX
9975,BRA
9976,ESP
9977,JPN
9978,BRA
9979,ESP
9980,BRA
9981,SUI
9982,POR
9983,FRA
9984,NGA
9985,POR
9986,POR
9987,RUS
9988,NGA
9989,ESP
9990,CRC
9991,GER
9992,FRA
9993,POR
9994,BEL
9995,SRB
9996,SUI
9997,SUI
9998,BEL
9999,BRA
10000,SUI
